rel,pasta,bytes,meshes,prims,tris,verts,skinned_tris,morph_prims,materials,nodes,imagens,tex_lista,tex_pixels,tex_maior_lado,tex_maior_pix,tex_bytes_embutidos,bin_bytes,skins,joints,anims,anim_channels,anim_names,ext,lfs,erro
prototipo_3d/aderecos/banco_tripo.glb,prototipo_3d/aderecos,2102512,1,1,4016,4790,0,0,1,1,3,1024x1024[normal]jpeg;1024x1024[cor]jpeg;1024x1024[mr]png,3145728,1024,1048576,1923177,2100556,0,0,0,0,,,False,
prototipo_3d/aderecos/barraca_feira_tripo.glb,prototipo_3d/aderecos,2818196,1,1,6114,8908,0,0,1,1,3,1024x1024[normal]jpeg;1024x1024[cor]jpeg;1024x1024[mr]png,3145728,1024,1048576,2494495,2816240,0,0,0,0,,,False,
prototipo_3d/aderecos/bote_tripo.glb,prototipo_3d/aderecos,2623264,1,1,5892,7116,0,0,1,1,3,1024x1024[normal]jpeg;1024x1024[cor]jpeg;1024x1024[mr]png,3145728,1024,1048576,2358233,2621304,0,0,0,0,,,False,
prototipo_3d/aderecos/cabra_tripo.glb,prototipo_3d/aderecos,2850396,1,1,7244,8416,0,0,1,1,3,1024x1024[normal]jpeg;1024x1024[cor]jpeg;1024x1024[mr]png,3145728,1024,1048576,2535654,2848436,0,0,0,0,,,False,
prototipo_3d/aderecos/candeeiro_tripo.glb,prototipo_3d/aderecos,2610492,1,1,3864,5463,0,0,1,1,3,1024x1024[normal]jpeg;1024x1024[cor]jpeg;1024x1024[mr]png,3145728,1024,1048576,2410529,2608532,0,0,0,0,,,False,
prototipo_3d/aderecos/canoa_amarela_tripo.glb,prototipo_3d/aderecos,2435424,1,1,3673,3910,0,0,1,1,3,1024x1024[normal]jpeg;1024x1024[cor]jpeg;1024x1024[mr]png,3145728,1024,1048576,2286280,2433444,0,0,0,0,,,False,
prototipo_3d/aderecos/canoa_em_obra_tripo.glb,prototipo_3d/aderecos,2314980,1,1,4837,6008,0,0,1,1,3,1024x1024[normal]jpeg;1024x1024[cor]jpeg;1024x1024[mr]png,3145728,1024,1048576,2091719,2313004,0,0,0,0,,,False,
prototipo_3d/aderecos/canoa_tripo.glb,prototipo_3d/aderecos,2570844,1,1,3864,5338,0,0,1,1,3,1024x1024[normal]jpeg;1024x1024[cor]jpeg;1024x1024[mr]png,3145728,1024,1048576,2374877,2568880,0,0,0,0,,,False,
prototipo_3d/aderecos/carro_de_boi_tripo.glb,prototipo_3d/aderecos,2844676,1,1,5503,7452,0,0,1,1,3,1024x1024[normal]jpeg;1024x1024[cor]jpeg;1024x1024[mr]png,3145728,1024,1048576,2571220,2842708,0,0,0,0,,,False,
prototipo_3d/aderecos/carroca_tripo.glb,prototipo_3d/aderecos,2556172,1,1,4115,6148,0,0,1,1,3,1024x1024[normal]jpeg;1024x1024[cor]jpeg;1024x1024[mr]png,3145728,1024,1048576,2332779,2554212,0,0,0,0,,,False,
prototipo_3d/aderecos/cerca_tripo.glb,prototipo_3d/aderecos,2580804,1,1,3950,5562,0,0,1,1,3,1024x1024[normal]jpeg;1024x1024[cor]jpeg;1024x1024[mr]png,3145728,1024,1048576,2377149,2578840,0,0,0,0,,,False,
prototipo_3d/aderecos/cerca_varas_tripo.glb,prototipo_3d/aderecos,2652768,1,1,2029,3426,0,0,1,1,3,1024x1024[normal]jpeg;1024x1024[cor]jpeg;1024x1024[mr]png,3145728,1024,1048576,2528986,2650800,0,0,0,0,,,False,
prototipo_3d/aderecos/chiqueiro_tripo.glb,prototipo_3d/aderecos,2898464,1,1,5305,8762,0,0,1,1,3,1024x1024[normal]jpeg;1024x1024[cor]jpeg;1024x1024[mr]png,3145728,1024,1048576,2584276,2896496,0,0,0,0,,,False,
prototipo_3d/aderecos/cocho_tripo.glb,prototipo_3d/aderecos,1920964,1,1,2273,2622,0,0,1,1,3,1024x1024[normal]jpeg;1024x1024[cor]jpeg;1024x1024[mr]png,3145728,1024,1048576,1821481,1919028,0,0,0,0,,,False,
prototipo_3d/aderecos/cruzeiro_tripo.glb,prototipo_3d/aderecos,2548872,1,1,4609,5809,0,0,1,1,3,1024x1024[normal]jpeg;1024x1024[cor]jpeg;1024x1024[mr]png,3145728,1024,1048576,2333362,2546912,0,0,0,0,,,False,
prototipo_3d/aderecos/estaleiro_fumo_tripo.glb,prototipo_3d/aderecos,2939368,1,1,5180,7759,0,0,1,1,3,1024x1024[normal]jpeg;1024x1024[cor]jpeg;1024x1024[mr]png,3145728,1024,1048576,2658014,2937388,0,0,0,0,,,False,
prototipo_3d/aderecos/fitas_gameleira_tripo.glb,prototipo_3d/aderecos,2740728,1,1,2831,4523,0,0,1,1,3,1024x1024[normal]jpeg;1024x1024[cor]jpeg;1024x1024[mr]png,3145728,1024,1048576,2577014,2738744,0,0,0,0,,,False,
prototipo_3d/aderecos/fogueira_tripo.glb,prototipo_3d/aderecos,2211576,1,1,2675,4704,0,0,1,1,3,1024x1024[normal]jpeg;1024x1024[cor]jpeg;1024x1024[mr]png,3145728,1024,1048576,2034748,2209608,0,0,0,0,,,False,
prototipo_3d/aderecos/forno_barro_tripo.glb,prototipo_3d/aderecos,2189036,1,1,3874,4826,0,0,1,1,3,1024x1024[normal]jpeg;1024x1024[cor]jpeg;1024x1024[mr]png,3145728,1024,1048576,2009394,2187076,0,0,0,0,,,False,
prototipo_3d/aderecos/galinheiro_tripo.glb,prototipo_3d/aderecos,3080608,1,1,5455,9001,0,0,1,1,3,1024x1024[normal]jpeg;1024x1024[cor]jpeg;1024x1024[mr]png,3145728,1024,1048576,2757870,3078640,0,0,0,0,,,False,
prototipo_3d/aderecos/lampiao_poste_tripo.glb,prototipo_3d/aderecos,2632220,1,1,3971,5615,0,0,1,1,3,1024x1024[normal]jpeg;1024x1024[cor]jpeg;1024x1024[mr]png,3145728,1024,1048576,2426729,2630240,0,0,0,0,,,False,
prototipo_3d/aderecos/lavadouro_pedra_tripo.glb,prototipo_3d/aderecos,1593476,1,1,3004,2870,0,0,1,1,3,1024x1024[normal]jpeg;1024x1024[cor]jpeg;1024x1024[mr]png,3145728,1024,1048576,1481633,1591504,0,0,0,0,,,False,
prototipo_3d/aderecos/lenha_tripo.glb,prototipo_3d/aderecos,1926092,1,1,3997,4509,0,0,1,1,3,1024x1024[normal]jpeg;1024x1024[cor]jpeg;1024x1024[mr]png,3145728,1024,1048576,1755863,1924140,0,0,0,0,,,False,
prototipo_3d/aderecos/mandioca_canteiro_tripo.glb,prototipo_3d/aderecos,2695276,1,1,3949,6244,0,0,1,1,3,1024x1024[normal]jpeg;1024x1024[cor]jpeg;1024x1024[mr]png,3145728,1024,1048576,2469784,2693292,0,0,0,0,,,False,
prototipo_3d/aderecos/mastro_pano_tripo.glb,prototipo_3d/aderecos,1986348,1,1,2648,3130,0,0,1,1,3,1024x1024[normal]jpeg;1024x1024[cor]jpeg;1024x1024[mr]png,3145728,1024,1048576,1868320,1984372,0,0,0,0,,,False,
prototipo_3d/aderecos/monjolo_tripo.glb,prototipo_3d/aderecos,2830716,1,1,6074,8684,0,0,1,1,3,1024x1024[normal]jpeg;1024x1024[cor]jpeg;1024x1024[mr]png,3145728,1024,1048576,2514415,2828752,0,0,0,0,,,False,
prototipo_3d/aderecos/pedra_mare_tripo.glb,prototipo_3d/aderecos,2942392,1,1,4865,7474,0,0,1,1,3,1024x1024[normal]jpeg;1024x1024[cor]jpeg;1024x1024[mr]png,3145728,1024,1048576,2672057,2940420,0,0,0,0,,,False,
prototipo_3d/aderecos/pedras_praia_tripo.glb,prototipo_3d/aderecos,2864604,1,1,5924,9044,0,0,1,1,3,1024x1024[normal]jpeg;1024x1024[cor]jpeg;1024x1024[mr]png,3145728,1024,1048576,2537670,2862628,0,0,0,0,,,False,
prototipo_3d/aderecos/pedras_tripo.glb,prototipo_3d/aderecos,2513756,1,1,3816,4046,0,0,1,1,3,1024x1024[normal]jpeg;1024x1024[cor]jpeg;1024x1024[mr]png,3145728,1024,1048576,2359423,2511800,0,0,0,0,,,False,
prototipo_3d/aderecos/penedo_lapa_tripo.glb,prototipo_3d/aderecos,2371308,1,1,5411,7920,0,0,1,1,3,1024x1024[normal]jpeg;1024x1024[cor]jpeg;1024x1024[mr]png,3145728,1024,1048576,2083424,2369336,0,0,0,0,,,False,
prototipo_3d/aderecos/porteira_tripo.glb,prototipo_3d/aderecos,2457832,1,1,2952,4012,0,0,1,1,3,1024x1024[normal]jpeg;1024x1024[cor]jpeg;1024x1024[mr]png,3145728,1024,1048576,2309774,2455872,0,0,0,0,,,False,
prototipo_3d/aderecos/pote_tripo.glb,prototipo_3d/aderecos,2249824,1,1,4231,5490,0,0,1,1,3,1024x1024[normal]jpeg;1024x1024[cor]jpeg;1024x1024[mr]png,3145728,1024,1048576,2046799,2247868,0,0,0,0,,,False,
prototipo_3d/aderecos/sacos_farinha_tripo.glb,prototipo_3d/aderecos,2318900,1,1,2899,4298,0,0,1,1,3,1024x1024[normal]jpeg;1024x1024[cor]jpeg;1024x1024[mr]png,3145728,1024,1048576,2161989,2316928,0,0,0,0,,,False,
prototipo_3d/aderecos/saveiro_tripo.glb,prototipo_3d/aderecos,8692948,1,1,10862,13439,0,0,1,1,3,2048x2048[normal]jpeg;2048x2048[cor]jpeg;2048x2048[mr]png,12582912,2048,4194304,8195742,8690968,0,0,0,0,,,False,
prototipo_3d/aderecos/tronco_caido_tripo.glb,prototipo_3d/aderecos,2542660,1,1,4118,5912,0,0,1,1,3,1024x1024[normal]jpeg;1024x1024[cor]jpeg;1024x1024[mr]png,3145728,1024,1048576,2326788,2540684,0,0,0,0,,,False,
prototipo_3d/aderecos/tumulo_tripo.glb,prototipo_3d/aderecos,2563016,1,1,4320,7165,0,0,1,1,3,1024x1024[normal]jpeg;1024x1024[cor]jpeg;1024x1024[mr]png,3145728,1024,1048576,2305865,2561072,0,0,0,0,,,False,
prototipo_3d/aderecos/varal_bambu_tripo.glb,prototipo_3d/aderecos,2658172,1,1,2963,4649,0,0,1,1,3,1024x1024[normal]jpeg;1024x1024[cor]jpeg;1024x1024[mr]png,3145728,1024,1048576,2489645,2656200,0,0,0,0,,,False,
prototipo_3d/aderecos/varal_estacas_tripo.glb,prototipo_3d/aderecos,2760644,1,1,2942,4886,0,0,1,1,3,1024x1024[normal]jpeg;1024x1024[cor]jpeg;1024x1024[mr]png,3145728,1024,1048576,2584668,2758676,0,0,0,0,,,False,
prototipo_3d/aderecos/varal_tripo.glb,prototipo_3d/aderecos,2700208,1,1,4122,5866,0,0,1,1,3,1024x1024[normal]jpeg;1024x1024[cor]jpeg;1024x1024[mr]png,3145728,1024,1048576,2485802,2698248,0,0,0,0,,,False,
prototipo_3d/animais/bode_tripo.glb,prototipo_3d/animais,2760552,1,1,5512,7180,5512,0,1,25,3,1024x1024[normal]jpeg;1024x1024[cor]jpeg;1024x1024[mr]png,3145728,1024,1048576,2319750,2737116,1,23,1,69,preset:quadruped:walk.001,,False,
prototipo_3d/animais/boi_tripo.glb,prototipo_3d/animais,2800844,1,1,5577,6555,5577,0,1,36,3,1024x1024[normal]jpeg;1024x1024[cor]jpeg;1024x1024[mr]png,3145728,1024,1048576,2371500,2768000,1,34,1,102,preset:quadruped:walk.001,,False,
prototipo_3d/animais/cabra_tripo.glb,prototipo_3d/animais,2598944,1,1,5814,6770,5814,0,1,23,3,1024x1024[normal]jpeg;1024x1024[cor]jpeg;1024x1024[mr]png,3145728,1024,1048576,2176226,2577444,1,21,1,63,preset:quadruped:walk.001,,False,
prototipo_3d/animais/cachorro_caramelo_tripo.glb,prototipo_3d/animais,2438336,1,1,5566,5412,5566,0,1,36,3,1024x1024[normal]jpeg;1024x1024[cor]jpeg;1024x1024[mr]png,3145728,1024,1048576,2073190,2405312,1,34,1,102,preset:quadruped:walk.001,,False,
prototipo_3d/animais/cachorro_deitado_tripo.glb,prototipo_3d/animais,2150580,1,1,4828,4713,0,0,1,1,3,1024x1024[normal]jpeg;1024x1024[cor]jpeg;1024x1024[mr]png,3145728,1024,1048576,1968819,2148608,0,0,0,0,,,False,
prototipo_3d/animais/cachorro_malhado_tripo.glb,prototipo_3d/animais,2593616,1,1,5240,5417,5240,0,1,40,3,1024x1024[normal]jpeg;1024x1024[cor]jpeg;1024x1024[mr]png,3145728,1024,1048576,2223434,2557876,1,38,1,114,preset:quadruped:walk.001,,False,
prototipo_3d/animais/caititu_tripo.glb,prototipo_3d/animais,2892932,1,1,5582,7517,5582,0,1,35,3,1024x1024[normal]jpeg;1024x1024[cor]jpeg;1024x1024[mr]png,3145728,1024,1048576,2410389,2860488,1,33,1,99,preset:quadruped:walk.001,,False,
prototipo_3d/animais/capivara_tripo.glb,prototipo_3d/animais,2410500,1,1,4041,4485,4041,0,1,34,3,1024x1024[normal]jpeg;1024x1024[cor]jpeg;1024x1024[mr]png,3145728,1024,1048576,2102667,2379560,1,32,1,96,preset:quadruped:walk.001,,False,
prototipo_3d/animais/cavalo_tripo.glb,prototipo_3d/animais,2738412,1,1,5833,7628,5833,0,1,33,3,1024x1024[normal]jpeg;1024x1024[cor]jpeg;1024x1024[mr]png,3145728,1024,1048576,2252321,2708148,1,31,1,93,preset:quadruped:walk.001,,False,
prototipo_3d/animais/filhote_caramelo_tripo.glb,prototipo_3d/animais,2456216,1,1,5405,5481,5405,0,1,21,3,1024x1024[normal]jpeg;1024x1024[cor]jpeg;1024x1024[mr]png,3145728,1024,1048576,2106145,2436376,1,19,1,57,preset:quadruped:walk.001,,False,
prototipo_3d/animais/galinha_dangola_tripo.glb,prototipo_3d/animais,2831956,1,1,3509,4513,0,0,1,1,3,1024x1024[normal]jpeg;1024x1024[cor]jpeg;1024x1024[mr]png,3145728,1024,1048576,2664563,2830036,0,0,0,0,,,False,
prototipo_3d/animais/galinha_tripo.glb,prototipo_3d/animais,2524968,1,1,3885,5185,0,0,1,1,3,1024x1024[normal]jpeg;1024x1024[cor]jpeg;1024x1024[mr]png,3145728,1024,1048576,2333830,2523064,0,0,0,0,,,False,
prototipo_3d/animais/galo_tripo.glb,prototipo_3d/animais,2627408,1,1,3760,5478,0,0,1,1,3,1024x1024[normal]jpeg;1024x1024[cor]jpeg;1024x1024[mr]png,3145728,1024,1048576,2427651,2625512,0,0,0,0,,,False,
prototipo_3d/animais/garca_tripo.glb,prototipo_3d/animais,2327048,1,1,3464,4375,0,0,1,1,3,1024x1024[normal]jpeg;1024x1024[cor]jpeg;1024x1024[mr]png,3145728,1024,1048576,2164299,2325088,0,0,0,0,,,False,
prototipo_3d/animais/gato_amarelo_tripo.glb,prototipo_3d/animais,2319516,1,1,5680,5690,5680,0,1,22,3,1024x1024[normal]jpeg;1024x1024[cor]jpeg;1024x1024[mr]png,3145728,1024,1048576,1955909,2298776,1,20,1,60,preset:quadruped:walk.001,,False,
prototipo_3d/animais/gato_malhado_tripo.glb,prototipo_3d/animais,2268728,1,1,5599,5681,5599,0,1,23,3,1024x1024[normal]jpeg;1024x1024[cor]jpeg;1024x1024[mr]png,3145728,1024,1048576,1906409,2247252,1,21,1,63,preset:quadruped:walk.001,,False,
prototipo_3d/animais/gato_preto_tripo.glb,prototipo_3d/animais,2014612,1,1,5713,5530,5713,0,1,37,3,1024x1024[normal]jpeg;1024x1024[cor]jpeg;1024x1024[mr]png,3145728,1024,1048576,1627684,1980424,1,35,1,105,preset:quadruped:walk.001,,False,
prototipo_3d/animais/jararaca_tripo.glb,prototipo_3d/animais,2692960,1,1,2902,4128,2902,0,1,22,3,1024x1024[normal]jpeg;1024x1024[cor]jpeg;1024x1024[mr]png,3145728,1024,1048576,2436170,2672144,1,20,1,60,preset:serpentine:march.001,,False,
prototipo_3d/animais/jumento_tripo.glb,prototipo_3d/animais,2899304,1,1,5599,7283,5599,0,1,41,3,1024x1024[normal]jpeg;1024x1024[cor]jpeg;1024x1024[mr]png,3145728,1024,1048576,2428292,2862156,1,39,1,117,preset:quadruped:walk.001,,False,
prototipo_3d/animais/leitao_tripo.glb,prototipo_3d/animais,2557776,1,1,5438,5462,5438,0,1,30,3,1024x1024[normal]jpeg;1024x1024[cor]jpeg;1024x1024[mr]png,3145728,1024,1048576,2194127,2529724,1,28,1,84,preset:quadruped:walk.001,,False,
prototipo_3d/animais/onca_pintada_tripo.glb,prototipo_3d/animais,3330084,1,1,5407,7435,5407,0,1,35,3,1024x1024[normal]jpeg;1024x1024[cor]jpeg;1024x1024[mr]png,3145728,1024,1048576,2853446,3298188,1,33,1,99,preset:quadruped:walk.001,,False,
prototipo_3d/animais/onca_preta_tripo.glb,prototipo_3d/animais,2534416,1,1,5410,5980,5410,0,1,44,3,1024x1024[normal]jpeg;1024x1024[cor]jpeg;1024x1024[mr]png,3145728,1024,1048576,2120978,2493848,1,42,1,126,preset:quadruped:walk.001,,False,
prototipo_3d/animais/pato_tripo.glb,prototipo_3d/animais,2483004,1,1,3684,5102,0,0,1,1,3,1024x1024[normal]jpeg;1024x1024[cor]jpeg;1024x1024[mr]png,3145728,1024,1048576,2295736,2481108,0,0,0,0,,,False,
prototipo_3d/animais/pavao_leque_tripo.glb,prototipo_3d/animais,3081096,1,1,6070,8808,0,0,1,1,3,1024x1024[normal]jpeg;1024x1024[cor]jpeg;1024x1024[mr]png,3145728,1024,1048576,2760842,3079124,0,0,0,0,,,False,
prototipo_3d/animais/pavao_tripo.glb,prototipo_3d/animais,2793064,1,1,3706,5491,0,0,1,1,3,1024x1024[normal]jpeg;1024x1024[cor]jpeg;1024x1024[mr]png,3145728,1024,1048576,2593208,2791164,0,0,0,0,,,False,
prototipo_3d/animais/pavoa_tripo.glb,prototipo_3d/animais,2219452,1,1,4040,5383,0,0,1,1,3,1024x1024[normal]jpeg;1024x1024[cor]jpeg;1024x1024[mr]png,3145728,1024,1048576,2021056,2217556,0,0,0,0,,,False,
prototipo_3d/animais/peru_tripo.glb,prototipo_3d/animais,2660152,1,1,3935,6163,0,0,1,1,3,1024x1024[normal]jpeg;1024x1024[cor]jpeg;1024x1024[mr]png,3145728,1024,1048576,2437423,2658256,0,0,0,0,,,False,
prototipo_3d/animais/pintinho_tripo.glb,prototipo_3d/animais,2641900,1,1,3653,5371,0,0,1,1,3,1024x1024[normal]jpeg;1024x1024[cor]jpeg;1024x1024[mr]png,3145728,1024,1048576,2446203,2639996,0,0,0,0,,,False,
prototipo_3d/animais/porco_tripo.glb,prototipo_3d/animais,2610392,1,1,5566,6266,5566,0,1,24,3,1024x1024[normal]jpeg;1024x1024[cor]jpeg;1024x1024[mr]png,3145728,1024,1048576,2214121,2587788,1,22,1,66,preset:quadruped:walk.001,,False,
prototipo_3d/animais/tatu_tripo.glb,prototipo_3d/animais,3009832,1,1,3941,5955,3941,0,1,34,3,1024x1024[normal]jpeg;1024x1024[cor]jpeg;1024x1024[mr]png,3145728,1024,1048576,2625084,2979004,1,32,1,96,preset:quadruped:walk.001,,False,
prototipo_3d/animais/urubu_tripo.glb,prototipo_3d/animais,2260072,1,1,2967,4114,0,0,1,1,3,1024x1024[normal]jpeg;1024x1024[cor]jpeg;1024x1024[mr]png,3145728,1024,1048576,2108662,2258116,0,0,0,0,,,False,
prototipo_3d/arvores/abobora_rasteira_tripo.glb,prototipo_3d/arvores,2683268,1,1,2979,4386,0,0,1,1,3,1024x1024[normal]jpeg;1024x1024[cor]jpeg;1024x1024[mr]png,3145728,1024,1048576,2523062,2681296,0,0,0,0,,,False,
prototipo_3d/arvores/algodoeiro_praia_tripo.glb,prototipo_3d/arvores,3219108,1,1,2648,4970,0,0,1,1,3,1024x1024[normal]jpeg;1024x1024[cor]jpeg;1024x1024[mr]png,3145728,1024,1048576,3042200,3217132,0,0,0,0,,,False,
prototipo_3d/arvores/angico_tripo.glb,prototipo_3d/arvores,3371200,1,1,2202,4566,0,0,1,1,3,1024x1024[normal]jpeg;1024x1024[cor]jpeg;1024x1024[mr]png,3145728,1024,1048576,3209912,3369240,0,0,0,0,,,False,
prototipo_3d/arvores/aroeira_leve_tripo.glb,prototipo_3d/arvores,3160616,1,1,3403,6795,0,0,1,1,3,1024x1024[normal]jpeg;1024x1024[cor]jpeg;1024x1024[mr]png,3145728,1024,1048576,2920803,3158668,0,0,0,0,,,False,
prototipo_3d/arvores/aroeira_longe_tripo.glb,prototipo_3d/arvores,2861168,1,1,1727,3661,0,0,1,1,3,1024x1024[normal]jpeg;1024x1024[cor]jpeg;1024x1024[mr]png,3145728,1024,1048576,2731702,2859220,0,0,0,0,,,False,
prototipo_3d/arvores/aroeira_tripo.glb,prototipo_3d/arvores,3914056,1,1,13225,23408,0,0,1,1,3,1024x1024[normal]jpeg;1024x1024[cor]jpeg;1024x1024[mr]png,3145728,1024,1048576,3083693,3912104,0,0,0,0,,,False,
prototipo_3d/arvores/bananeira_leve_tripo.glb,prototipo_3d/arvores,2777344,1,1,5219,7623,0,0,1,1,3,1024x1024[normal]jpeg;1024x1024[cor]jpeg;1024x1024[mr]png,3145728,1024,1048576,2500112,2775368,0,0,0,0,,,False,
prototipo_3d/arvores/bananeira_longe_tripo.glb,prototipo_3d/arvores,2499636,1,1,2012,3520,0,0,1,1,3,1024x1024[normal]jpeg;1024x1024[cor]jpeg;1024x1024[mr]png,3145728,1024,1048576,2372950,2497664,0,0,0,0,,,False,
prototipo_3d/arvores/bananeira_tripo.glb,prototipo_3d/arvores,7975896,1,1,14753,16926,0,0,1,1,3,2048x2048[normal]jpeg;2048x2048[cor]jpeg;2048x2048[mr]png,12582912,2048,4194304,7343755,7973912,0,0,0,0,,,False,
prototipo_3d/arvores/bromelia_tripo.glb,prototipo_3d/arvores,2485812,1,1,2219,3427,0,0,1,1,3,1024x1024[normal]jpeg;1024x1024[cor]jpeg;1024x1024[mr]png,3145728,1024,1048576,2360892,2483876,0,0,0,0,,,False,
prototipo_3d/arvores/cajueiro_leve_tripo.glb,prototipo_3d/arvores,3492184,1,1,5670,9929,0,0,1,1,3,1024x1024[normal]jpeg;1024x1024[cor]jpeg;1024x1024[mr]png,3145728,1024,1048576,3138461,3490212,0,0,0,0,,,False,
prototipo_3d/arvores/cajueiro_longe_tripo.glb,prototipo_3d/arvores,3114124,1,1,1810,3591,0,0,1,1,3,1024x1024[normal]jpeg;1024x1024[cor]jpeg;1024x1024[mr]png,3145728,1024,1048576,2986379,3112156,0,0,0,0,,,False,
prototipo_3d/arvores/cajueiro_tripo.glb,prototipo_3d/arvores,11458052,1,1,15420,23648,0,0,1,1,3,2048x2048[normal]jpeg;2048x2048[cor]jpeg;2048x2048[mr]png,12582912,2048,4194304,10606822,11456080,0,0,0,0,,,False,
prototipo_3d/arvores/canteiro_couve_tripo.glb,prototipo_3d/arvores,2683716,1,1,2780,4651,0,0,1,1,3,1024x1024[normal]jpeg;1024x1024[cor]jpeg;1024x1024[mr]png,3145728,1024,1048576,2516229,2681744,0,0,0,0,,,False,
prototipo_3d/arvores/capim_tripo.glb,prototipo_3d/arvores,2796152,1,1,2907,4439,0,0,1,1,3,1024x1024[normal]jpeg;1024x1024[cor]jpeg;1024x1024[mr]png,3145728,1024,1048576,2634704,2794200,0,0,0,0,,,False,
prototipo_3d/arvores/castanhola_leve_tripo.glb,prototipo_3d/arvores,2714936,1,1,5308,9018,0,0,1,1,3,1024x1024[normal]jpeg;1024x1024[cor]jpeg;1024x1024[mr]png,3145728,1024,1048576,2392528,2712956,0,0,0,0,,,False,
prototipo_3d/arvores/castanhola_longe_tripo.glb,prototipo_3d/arvores,2369304,1,1,1485,2869,0,0,1,1,3,1024x1024[normal]jpeg;1024x1024[cor]jpeg;1024x1024[mr]png,3145728,1024,1048576,2266606,2367332,0,0,0,0,,,False,
prototipo_3d/arvores/castanhola_tripo.glb,prototipo_3d/arvores,8279152,1,1,16284,20974,0,0,1,1,3,2048x2048[normal]jpeg;2048x2048[cor]jpeg;2048x2048[mr]png,12582912,2048,4194304,7508292,8277168,0,0,0,0,,,False,
prototipo_3d/arvores/cedro_tripo.glb,prototipo_3d/arvores,3187172,1,1,2297,4867,0,0,1,1,3,1024x1024[normal]jpeg;1024x1024[cor]jpeg;1024x1024[mr]png,3145728,1024,1048576,3015681,3185212,0,0,0,0,,,False,
prototipo_3d/arvores/clusia_leve_tripo.glb,prototipo_3d/arvores,2985708,1,1,5165,9295,0,0,1,1,3,1024x1024[normal]jpeg;1024x1024[cor]jpeg;1024x1024[mr]png,3145728,1024,1048576,2655315,2983752,0,0,0,0,,,False,
prototipo_3d/arvores/clusia_tripo.glb,prototipo_3d/arvores,3265948,1,1,10954,17645,0,0,1,1,3,1024x1024[normal]jpeg;1024x1024[cor]jpeg;1024x1024[mr]png,3145728,1024,1048576,2633633,3264000,0,0,0,0,,,False,
prototipo_3d/arvores/coqueiro_leve_tripo.glb,prototipo_3d/arvores,3295864,1,1,5214,7663,0,0,1,1,3,1024x1024[normal]jpeg;1024x1024[cor]jpeg;1024x1024[mr]png,3145728,1024,1048576,3017398,3293900,0,0,0,0,,,False,
prototipo_3d/arvores/coqueiro_longe_tripo.glb,prototipo_3d/arvores,2834704,1,1,1662,2722,0,0,1,1,3,1024x1024[normal]jpeg;1024x1024[cor]jpeg;1024x1024[mr]png,3145728,1024,1048576,2735652,2832732,0,0,0,0,,,False,
prototipo_3d/arvores/coqueiro_tripo.glb,prototipo_3d/arvores,10458696,1,1,14716,21885,0,0,1,1,3,2048x2048[normal]jpeg;2048x2048[cor]jpeg;2048x2048[mr]png,12582912,2048,4194304,9668088,10456708,0,0,0,0,,,False,
prototipo_3d/arvores/dende_tripo.glb,prototipo_3d/arvores,9803936,1,1,15014,22188,0,0,1,1,3,2048x2048[normal]jpeg;2048x2048[cor]jpeg;2048x2048[mr]png,12582912,2048,4194304,9001856,9801960,0,0,0,0,,,False,
prototipo_3d/arvores/dendezeiro_leve_tripo.glb,prototipo_3d/arvores,3056924,1,1,5583,9716,0,0,1,1,3,1024x1024[normal]jpeg;1024x1024[cor]jpeg;1024x1024[mr]png,3145728,1024,1048576,2710531,3054948,0,0,0,0,,,False,
prototipo_3d/arvores/dendezeiro_longe_tripo.glb,prototipo_3d/arvores,2686952,1,1,1716,3685,0,0,1,1,3,1024x1024[normal]jpeg;1024x1024[cor]jpeg;1024x1024[mr]png,3145728,1024,1048576,2556752,2684976,0,0,0,0,,,False,
prototipo_3d/arvores/embauba_longe_tripo.glb,prototipo_3d/arvores,2736752,1,1,2009,3470,0,0,1,1,3,1024x1024[normal]jpeg;1024x1024[cor]jpeg;1024x1024[mr]png,3145728,1024,1048576,2611683,2734784,0,0,0,0,,,False,
prototipo_3d/arvores/embauba_tripo.glb,prototipo_3d/arvores,2735176,1,1,2963,4738,0,0,1,1,3,1024x1024[normal]jpeg;1024x1024[cor]jpeg;1024x1024[mr]png,3145728,1024,1048576,2563817,2733216,0,0,0,0,,,False,
prototipo_3d/arvores/gameleira_tripo.glb,prototipo_3d/arvores,9855612,1,1,11646,21757,0,0,1,1,3,2048x2048[normal]jpeg;2048x2048[cor]jpeg;2048x2048[mr]png,12582912,2048,4194304,9087533,9853636,0,0,0,0,,,False,
prototipo_3d/arvores/goiabeira_tripo.glb,prototipo_3d/arvores,3249664,1,1,7682,12104,0,0,1,1,3,1024x1024[normal]jpeg;1024x1024[cor]jpeg;1024x1024[mr]png,3145728,1024,1048576,2814273,3247696,0,0,0,0,,,False,
prototipo_3d/arvores/heliconia_tripo.glb,prototipo_3d/arvores,2768956,1,1,3147,4921,0,0,1,1,3,1024x1024[normal]jpeg;1024x1024[cor]jpeg;1024x1024[mr]png,3145728,1024,1048576,2590623,2766984,0,0,0,0,,,False,
prototipo_3d/arvores/ingazeiro_leve_tripo.glb,prototipo_3d/arvores,3195144,1,1,5426,9646,0,0,1,1,3,1024x1024[normal]jpeg;1024x1024[cor]jpeg;1024x1024[mr]png,3145728,1024,1048576,2851935,3193168,0,0,0,0,,,False,
prototipo_3d/arvores/ingazeiro_longe_tripo.glb,prototipo_3d/arvores,2867236,1,1,1794,3730,0,0,1,1,3,1024x1024[normal]jpeg;1024x1024[cor]jpeg;1024x1024[mr]png,3145728,1024,1048576,2735140,2865272,0,0,0,0,,,False,
prototipo_3d/arvores/ingazeiro_tripo.glb,prototipo_3d/arvores,9913792,1,1,16886,24600,0,0,1,1,3,2048x2048[normal]jpeg;2048x2048[cor]jpeg;2048x2048[mr]png,12582912,2048,4194304,9023289,9911812,0,0,0,0,,,False,
prototipo_3d/arvores/ipe_amarelo_leve_tripo.glb,prototipo_3d/arvores,3447640,1,1,5612,10569,0,0,1,1,3,1024x1024[normal]jpeg;1024x1024[cor]jpeg;1024x1024[mr]png,3145728,1024,1048576,3073775,3445660,0,0,0,0,,,False,
prototipo_3d/arvores/ipe_amarelo_tripo.glb,prototipo_3d/arvores,11161284,1,1,15148,24948,0,0,1,1,3,2048x2048[normal]jpeg;2048x2048[cor]jpeg;2048x2048[mr]png,12582912,2048,4194304,10270076,11159304,0,0,0,0,,,False,
prototipo_3d/arvores/ipe_roxo_leve_tripo.glb,prototipo_3d/arvores,3599572,1,1,6141,11805,0,0,1,1,3,1024x1024[normal]jpeg;1024x1024[cor]jpeg;1024x1024[mr]png,3145728,1024,1048576,3182977,3597592,0,0,0,0,,,False,
prototipo_3d/arvores/ipe_roxo_tripo.glb,prototipo_3d/arvores,10799224,1,1,15418,24167,0,0,1,1,3,2048x2048[normal]jpeg;2048x2048[cor]jpeg;2048x2048[mr]png,12582912,2048,4194304,9931384,10797240,0,0,0,0,,,False,
prototipo_3d/arvores/jaqueira_leve_tripo.glb,prototipo_3d/arvores,3421124,1,1,4052,8258,0,0,1,1,3,1024x1024[normal]jpeg;1024x1024[cor]jpeg;1024x1024[mr]png,3145728,1024,1048576,3130581,3419152,0,0,0,0,,,False,
prototipo_3d/arvores/jaqueira_longe_tripo.glb,prototipo_3d/arvores,3183168,1,1,1115,2551,0,0,1,1,3,1024x1024[normal]jpeg;1024x1024[cor]jpeg;1024x1024[mr]png,3145728,1024,1048576,3092866,3181192,0,0,0,0,,,False,
prototipo_3d/arvores/jaqueira_tripo.glb,prototipo_3d/arvores,11601840,1,1,14680,23290,0,0,1,1,3,2048x2048[normal]jpeg;2048x2048[cor]jpeg;2048x2048[mr]png,12582912,2048,4194304,10766503,11599864,0,0,0,0,,,False,
prototipo_3d/arvores/jatoba_tripo.glb,prototipo_3d/arvores,3260188,1,1,2151,4924,0,0,1,1,3,1024x1024[normal]jpeg;1024x1024[cor]jpeg;1024x1024[mr]png,3145728,1024,1048576,3087747,3258228,0,0,0,0,,,False,
prototipo_3d/arvores/jenipapeiro_leve_tripo.glb,prototipo_3d/arvores,3022076,1,1,5652,8778,0,0,1,1,3,1024x1024[normal]jpeg;1024x1024[cor]jpeg;1024x1024[mr]png,3145728,1024,1048576,2705288,3020100,0,0,0,0,,,False,
prototipo_3d/arvores/jenipapeiro_longe_tripo.glb,prototipo_3d/arvores,2726880,1,1,1261,2452,0,0,1,1,3,1024x1024[normal]jpeg;1024x1024[cor]jpeg;1024x1024[mr]png,3145728,1024,1048576,2638873,2724908,0,0,0,0,,,False,
prototipo_3d/arvores/jenipapeiro_tripo.glb,prototipo_3d/arvores,3308060,1,1,12065,16125,0,0,1,1,3,1024x1024[normal]jpeg;1024x1024[cor]jpeg;1024x1024[mr]png,3145728,1024,1048576,2717689,3306084,0,0,0,0,,,False,
prototipo_3d/arvores/jequitiba_tripo.glb,prototipo_3d/arvores,3339200,1,1,2791,5451,0,0,1,1,3,1024x1024[normal]jpeg;1024x1024[cor]jpeg;1024x1024[mr]png,3145728,1024,1048576,3146054,3337236,0,0,0,0,,,False,
prototipo_3d/arvores/latada_maracuja_tripo.glb,prototipo_3d/arvores,2965920,1,1,5043,8136,0,0,1,1,3,1024x1024[normal]jpeg;1024x1024[cor]jpeg;1024x1024[mr]png,3145728,1024,1048576,2673321,2963940,0,0,0,0,,,False,
prototipo_3d/arvores/licurizeiro_tripo.glb,prototipo_3d/arvores,3381872,1,1,5863,10578,0,0,1,1,3,1024x1024[normal]jpeg;1024x1024[cor]jpeg;1024x1024[mr]png,3145728,1024,1048576,3006219,3379900,0,0,0,0,,,False,
prototipo_3d/arvores/mamoeiro_tripo.glb,prototipo_3d/arvores,2842728,1,1,5087,7246,0,0,1,1,3,1024x1024[normal]jpeg;1024x1024[cor]jpeg;1024x1024[mr]png,3145728,1024,1048576,2578359,2840760,0,0,0,0,,,False,
prototipo_3d/arvores/mangue_leve_tripo.glb,prototipo_3d/arvores,3175280,1,1,4790,8806,0,0,1,1,3,1024x1024[normal]jpeg;1024x1024[cor]jpeg;1024x1024[mr]png,3145728,1024,1048576,2862781,3173316,0,0,0,0,,,False,
prototipo_3d/arvores/mangue_longe_tripo.glb,prototipo_3d/arvores,2881844,1,1,1392,2925,0,0,1,1,3,1024x1024[normal]jpeg;1024x1024[cor]jpeg;1024x1024[mr]png,3145728,1024,1048576,2777928,2879884,0,0,0,0,,,False,
prototipo_3d/arvores/mangue_tripo.glb,prototipo_3d/arvores,10315560,1,1,18079,24727,0,0,1,1,3,2048x2048[normal]jpeg;2048x2048[cor]jpeg;2048x2048[mr]png,12582912,2048,4194304,9413847,10313588,0,0,0,0,,,False,
prototipo_3d/arvores/mangueira_leve_tripo.glb,prototipo_3d/arvores,3399840,1,1,3872,7603,0,0,1,1,3,1024x1024[normal]jpeg;1024x1024[cor]jpeg;1024x1024[mr]png,3145728,1024,1048576,3131335,3397868,0,0,0,0,,,False,
prototipo_3d/arvores/mangueira_longe_tripo.glb,prototipo_3d/arvores,3089360,1,1,1675,3646,0,0,1,1,3,1024x1024[normal]jpeg;1024x1024[cor]jpeg;1024x1024[mr]png,3145728,1024,1048576,2960659,3087388,0,0,0,0,,,False,
prototipo_3d/arvores/mangueira_tripo.glb,prototipo_3d/arvores,12668012,1,1,20453,30973,0,0,1,1,3,2048x2048[normal]jpeg;2048x2048[cor]jpeg;2048x2048[mr]png,12582912,2048,4194304,11552172,12666032,0,0,0,0,,,False,
prototipo_3d/arvores/massaranduba_tripo.glb,prototipo_3d/arvores,3557368,1,1,2819,6826,0,0,1,1,3,1024x1024[normal]jpeg;1024x1024[cor]jpeg;1024x1024[mr]png,3145728,1024,1048576,3320039,3555392,0,0,0,0,,,False,
prototipo_3d/arvores/mata_a_tripo.glb,prototipo_3d/arvores,2943304,1,1,2489,5205,0,0,1,1,3,1024x1024[normal]jpeg;1024x1024[cor]jpeg;1024x1024[mr]png,3145728,1024,1048576,2759846,2941348,0,0,0,0,,,False,
prototipo_3d/arvores/mata_alta_longe_tripo.glb,prototipo_3d/arvores,2789508,1,1,2100,4399,0,0,1,1,3,1024x1024[normal]jpeg;1024x1024[cor]jpeg;1024x1024[mr]png,3145728,1024,1048576,2634162,2787532,0,0,0,0,,,False,
prototipo_3d/arvores/mata_b_tripo.glb,prototipo_3d/arvores,3200732,1,1,2436,5767,0,0,1,1,3,1024x1024[normal]jpeg;1024x1024[cor]jpeg;1024x1024[mr]png,3145728,1024,1048576,2999606,3198772,0,0,0,0,,,False,
prototipo_3d/arvores/mata_larga_longe_tripo.glb,prototipo_3d/arvores,3057940,1,1,2059,4877,0,0,1,1,3,1024x1024[normal]jpeg;1024x1024[cor]jpeg;1024x1024[mr]png,3145728,1024,1048576,2887533,3055960,0,0,0,0,,,False,
prototipo_3d/arvores/moita_tripo.glb,prototipo_3d/arvores,3132828,1,1,2370,4949,0,0,1,1,3,1024x1024[normal]jpeg;1024x1024[cor]jpeg;1024x1024[mr]png,3145728,1024,1048576,2958283,3130876,0,0,0,0,,,False,
prototipo_3d/arvores/pau_brasil_leve_tripo.glb,prototipo_3d/arvores,2575916,1,1,5629,9259,0,0,1,1,3,1024x1024[normal]jpeg;1024x1024[cor]jpeg;1024x1024[mr]png,3145728,1024,1048576,2243862,2573932,0,0,0,0,,,False,
prototipo_3d/arvores/pau_brasil_tripo.glb,prototipo_3d/arvores,3413596,1,1,15978,24223,0,0,1,1,3,1024x1024[normal]jpeg;2048x2048[cor]jpeg;1024x1024[mr]png,6291456,2048,4194304,2540597,3411604,0,0,0,0,,,False,
prototipo_3d/arvores/pe_de_fumo_tripo.glb,prototipo_3d/arvores,2425348,1,1,2323,3646,0,0,1,1,3,1024x1024[normal]jpeg;1024x1024[cor]jpeg;1024x1024[mr]png,3145728,1024,1048576,2292760,2423376,0,0,0,0,,,False,
prototipo_3d/arvores/pe_de_mandioca_tripo.glb,prototipo_3d/arvores,2746668,1,1,1772,3428,0,0,1,1,3,1024x1024[normal]jpeg;1024x1024[cor]jpeg;1024x1024[mr]png,3145728,1024,1048576,2624368,2744700,0,0,0,0,,,False,
prototipo_3d/arvores/pe_de_milho_tripo.glb,prototipo_3d/arvores,2506888,1,1,2001,3237,0,0,1,1,3,1024x1024[normal]jpeg;1024x1024[cor]jpeg;1024x1024[mr]png,3145728,1024,1048576,2389329,2504928,0,0,0,0,,,False,
prototipo_3d/arvores/pe_de_pimenta_tripo.glb,prototipo_3d/arvores,2709980,1,1,1961,3368,0,0,1,1,3,1024x1024[normal]jpeg;1024x1024[cor]jpeg;1024x1024[mr]png,3145728,1024,1048576,2588457,2708004,0,0,0,0,,,False,
prototipo_3d/arvores/piacava_leve_tripo.glb,prototipo_3d/arvores,3115428,1,1,5894,10060,0,0,1,1,3,1024x1024[normal]jpeg;1024x1024[cor]jpeg;1024x1024[mr]png,3145728,1024,1048576,2756163,3113448,0,0,0,0,,,False,
prototipo_3d/arvores/piacava_longe_tripo.glb,prototipo_3d/arvores,2665592,1,1,1603,3276,0,0,1,1,3,1024x1024[normal]jpeg;1024x1024[cor]jpeg;1024x1024[mr]png,3145728,1024,1048576,2549169,2663624,0,0,0,0,,,False,
prototipo_3d/arvores/piacava_tripo.glb,prototipo_3d/arvores,9665260,1,1,15792,22497,0,0,1,1,3,2048x2048[normal]jpeg;2048x2048[cor]jpeg;2048x2048[mr]png,12582912,2048,4194304,8848628,9663288,0,0,0,0,,,False,
prototipo_3d/arvores/pitangueira_leve_tripo.glb,prototipo_3d/arvores,2994912,1,1,3788,7675,0,0,1,1,3,1024x1024[normal]jpeg;1024x1024[cor]jpeg;1024x1024[mr]png,3145728,1024,1048576,2724605,2992936,0,0,0,0,,,False,
prototipo_3d/arvores/pitangueira_tripo.glb,prototipo_3d/arvores,3451772,1,1,9688,17686,0,0,1,1,3,1024x1024[normal]jpeg;1024x1024[cor]jpeg;1024x1024[mr]png,3145728,1024,1048576,2825706,3449792,0,0,0,0,,,False,
prototipo_3d/arvores/quiabeiro_tripo.glb,prototipo_3d/arvores,2540324,1,1,1610,2754,0,0,1,1,3,1024x1024[normal]jpeg;1024x1024[cor]jpeg;1024x1024[mr]png,3145728,1024,1048576,2440567,2538360,0,0,0,0,,,False,
prototipo_3d/arvores/samambaia_tripo.glb,prototipo_3d/arvores,3113436,1,1,2126,4002,0,0,1,1,3,1024x1024[normal]jpeg;1024x1024[cor]jpeg;1024x1024[mr]png,3145728,1024,1048576,2970642,3111468,0,0,0,0,,,False,
prototipo_3d/arvores/sapucaia_tripo.glb,prototipo_3d/arvores,3291408,1,1,2439,5118,0,0,1,1,3,1024x1024[normal]jpeg;1024x1024[cor]jpeg;1024x1024[mr]png,3145728,1024,1048576,3111029,3289448,0,0,0,0,,,False,
prototipo_3d/arvores/sub_bosque_tripo.glb,prototipo_3d/arvores,3140868,1,1,7442,11005,0,0,1,1,3,1024x1024[normal]jpeg;1024x1024[cor]jpeg;1024x1024[mr]png,3145728,1024,1048576,2742077,3138896,0,0,0,0,,,False,
prototipo_3d/arvores/taboa_tripo.glb,prototipo_3d/arvores,2708540,1,1,2256,3524,0,0,1,1,3,1024x1024[normal]jpeg;1024x1024[cor]jpeg;1024x1024[mr]png,3145728,1024,1048576,2580279,2706588,0,0,0,0,,,False,
prototipo_3d/arvores/touceira_bambu_tripo.glb,prototipo_3d/arvores,3462156,1,1,5471,9877,0,0,1,1,3,1024x1024[normal]jpeg;1024x1024[cor]jpeg;1024x1024[mr]png,3145728,1024,1048576,3111273,3460168,0,0,0,0,,,False,
prototipo_3d/arvores/touceira_cana_tripo.glb,prototipo_3d/arvores,2992152,1,1,2996,4684,0,0,1,1,3,1024x1024[normal]jpeg;1024x1024[cor]jpeg;1024x1024[mr]png,3145728,1024,1048576,2822310,2990180,0,0,0,0,,,False,
prototipo_3d/casas/casa_carro_quebrado_tripo.glb,prototipo_3d/casas,9812136,1,1,12477,13837,0,0,1,1,3,2048x2048[normal]jpeg;2048x2048[cor]jpeg;2048x2048[mr]png,12582912,2048,4194304,9292487,9810140,0,0,0,0,,,False,
prototipo_3d/construcoes/cadeia_tripo.glb,prototipo_3d/construcoes,7692532,1,1,10405,12819,0,0,1,1,3,2048x2048[normal]jpeg;2048x2048[cor]jpeg;2048x2048[mr]png,12582912,2048,4194304,7217906,7690552,0,0,0,0,,,False,
prototipo_3d/construcoes/capela_tripo.glb,prototipo_3d/construcoes,9162120,1,1,11775,15117,0,0,1,1,3,2048x2048[normal]jpeg;2048x2048[cor]jpeg;2048x2048[mr]png,12582912,2048,4194304,8605748,9160148,0,0,0,0,,,False,
prototipo_3d/construcoes/capelinha_tripo.glb,prototipo_3d/construcoes,8142520,1,1,12326,16602,0,0,1,1,3,2048x2048[normal]jpeg;2048x2048[cor]jpeg;2048x2048[mr]png,12582912,2048,4194304,7535311,8140536,0,0,0,0,,,False,
prototipo_3d/construcoes/casa_farinha_tripo.glb,prototipo_3d/construcoes,7843516,1,1,10027,14111,0,0,1,1,3,2048x2048[normal]jpeg;2048x2048[cor]jpeg;2048x2048[mr]png,12582912,2048,4194304,7329806,7841524,0,0,0,0,,,False,
prototipo_3d/construcoes/casa_meia_agua_tripo.glb,prototipo_3d/construcoes,7666832,1,1,10905,13478,0,0,1,1,3,2048x2048[normal]jpeg;2048x2048[cor]jpeg;2048x2048[mr]png,12582912,2048,4194304,7168102,7664832,0,0,0,0,,,False,
prototipo_3d/construcoes/casa_palha_tripo.glb,prototipo_3d/construcoes,8750840,1,1,10400,14352,0,0,1,1,3,2048x2048[normal]jpeg;2048x2048[cor]jpeg;2048x2048[mr]png,12582912,2048,4194304,8227186,8748856,0,0,0,0,,,False,
prototipo_3d/construcoes/casa_paroquial_tripo.glb,prototipo_3d/construcoes,6416708,1,1,9895,11672,0,0,1,1,3,2048x2048[normal]jpeg;2048x2048[cor]jpeg;2048x2048[mr]png,12582912,2048,4194304,5981853,6414736,0,0,0,0,,,False,
prototipo_3d/construcoes/casa_pasto_tripo.glb,prototipo_3d/construcoes,8581408,1,1,11654,16394,0,0,1,1,3,2048x2048[normal]jpeg;2048x2048[cor]jpeg;2048x2048[mr]png,12582912,2048,4194304,7984884,8579420,0,0,0,0,,,False,
prototipo_3d/construcoes/casa_pescador_tripo.glb,prototipo_3d/construcoes,7803124,1,1,9961,13781,0,0,1,1,3,2048x2048[normal]jpeg;2048x2048[cor]jpeg;2048x2048[mr]png,12582912,2048,4194304,7300366,7801132,0,0,0,0,,,False,
prototipo_3d/construcoes/casa_taipa_azul_tripo.glb,prototipo_3d/construcoes,7494224,1,1,9529,12352,0,0,1,1,3,2048x2048[normal]jpeg;2048x2048[cor]jpeg;2048x2048[mr]png,12582912,2048,4194304,7039790,7492236,0,0,0,0,,,False,
prototipo_3d/construcoes/casa_taipa_ocre_tripo.glb,prototipo_3d/construcoes,7223636,1,1,10402,13017,0,0,1,1,3,2048x2048[normal]jpeg;2048x2048[cor]jpeg;2048x2048[mr]png,12582912,2048,4194304,6742684,7221648,0,0,0,0,,,False,
prototipo_3d/construcoes/casa_taipa_rosa_tripo.glb,prototipo_3d/construcoes,7624572,1,1,10220,12949,0,0,1,1,3,2048x2048[normal]jpeg;2048x2048[cor]jpeg;2048x2048[mr]png,12582912,2048,4194304,7146880,7622572,0,0,0,0,,,False,
prototipo_3d/construcoes/casa_taipa_tripo.glb,prototipo_3d/construcoes,9419832,1,1,11343,13809,0,0,1,1,3,2048x2048[normal]jpeg;2048x2048[cor]jpeg;2048x2048[mr]png,12582912,2048,4194304,8907897,9417848,0,0,0,0,,,False,
prototipo_3d/construcoes/casa_taipa_verde_tripo.glb,prototipo_3d/construcoes,6234860,1,1,9297,10905,0,0,1,1,3,2048x2048[normal]jpeg;2048x2048[cor]jpeg;2048x2048[mr]png,12582912,2048,4194304,5828117,6232864,0,0,0,0,,,False,
prototipo_3d/construcoes/casa_varanda_tripo.glb,prototipo_3d/construcoes,7907296,1,1,10285,14474,0,0,1,1,3,2048x2048[normal]jpeg;2048x2048[cor]jpeg;2048x2048[mr]png,12582912,2048,4194304,7380415,7905300,0,0,0,0,,,False,
prototipo_3d/construcoes/casarao_fazenda_tripo.glb,prototipo_3d/construcoes,9636688,1,1,17319,20594,0,0,1,1,3,2048x2048[normal]jpeg;2048x2048[cor]jpeg;2048x2048[mr]png,12582912,2048,4194304,8871764,9634692,0,0,0,0,,,False,
prototipo_3d/construcoes/guarita_fazenda_tripo.glb,prototipo_3d/construcoes,2822344,1,1,6373,10086,0,0,1,1,3,1024x1024[normal]jpeg;1024x1024[cor]jpeg;1024x1024[mr]png,3145728,1024,1048576,2459386,2820380,0,0,0,0,,,False,
prototipo_3d/construcoes/igreja_tripo.glb,prototipo_3d/construcoes,7492912,1,1,13332,15333,0,0,1,1,3,2048x2048[normal]jpeg;2048x2048[cor]jpeg;2048x2048[mr]png,12582912,2048,4194304,6920274,7490928,0,0,0,0,,,False,
prototipo_3d/construcoes/mirante_tripo.glb,prototipo_3d/construcoes,8276116,1,1,12388,14041,0,0,1,1,3,2048x2048[normal]jpeg;2048x2048[cor]jpeg;2048x2048[mr]png,12582912,2048,4194304,7750489,8274136,0,0,0,0,,,False,
prototipo_3d/construcoes/pier_tripo.glb,prototipo_3d/construcoes,8584308,1,1,11747,14144,0,0,1,1,3,2048x2048[normal]jpeg;2048x2048[cor]jpeg;2048x2048[mr]png,12582912,2048,4194304,8059242,8582340,0,0,0,0,,,False,
prototipo_3d/construcoes/poco_tripo.glb,prototipo_3d/construcoes,3173008,1,1,4132,6876,0,0,1,1,3,1024x1024[normal]jpeg;1024x1024[cor]jpeg;1024x1024[mr]png,3145728,1024,1048576,2926224,3171056,0,0,0,0,,,False,
prototipo_3d/construcoes/ponte_tripo.glb,prototipo_3d/construcoes,8843840,1,1,11914,14199,0,0,1,1,3,2048x2048[normal]jpeg;2048x2048[cor]jpeg;2048x2048[mr]png,12582912,2048,4194304,8316016,8841868,0,0,0,0,,,False,
prototipo_3d/construcoes/portao_fazenda_tripo.glb,prototipo_3d/construcoes,8210480,1,1,6006,8716,0,0,1,1,3,2048x2048[normal]jpeg;2048x2048[cor]jpeg;2048x2048[mr]png,12582912,2048,4194304,7893543,8208496,0,0,0,0,,,False,
prototipo_3d/construcoes/sobrado_tripo.glb,prototipo_3d/construcoes,8063744,1,1,10669,15519,0,0,1,1,3,2048x2048[normal]jpeg;2048x2048[cor]jpeg;2048x2048[mr]png,12582912,2048,4194304,7501140,8061768,0,0,0,0,,,False,
prototipo_3d/construcoes/venda_tripo.glb,prototipo_3d/construcoes,8348244,1,1,11287,14676,0,0,1,1,3,2048x2048[normal]jpeg;2048x2048[cor]jpeg;2048x2048[mr]png,12582912,2048,4194304,7808905,8346264,0,0,0,0,,,False,
prototipo_3d/itens/balde_tripo.glb,prototipo_3d/itens,2316772,1,1,3004,4333,0,0,1,1,3,1024x1024[normal]jpeg;1024x1024[cor]jpeg;1024x1024[mr]png,3145728,1024,1048576,2158133,2314816,0,0,0,0,,,False,
prototipo_3d/itens/cacho_banana_tripo.glb,prototipo_3d/itens,1842604,1,1,1966,1941,0,0,1,1,3,1024x1024[normal]jpeg;1024x1024[cor]jpeg;1024x1024[mr]png,3145728,1024,1048576,1766734,1840644,0,0,0,0,,,False,
prototipo_3d/itens/cana_tripo.glb,prototipo_3d/itens,2347376,1,1,1978,3020,0,0,1,1,3,1024x1024[normal]jpeg;1024x1024[cor]jpeg;1024x1024[mr]png,3145728,1024,1048576,2236912,2345424,0,0,0,0,,,False,
prototipo_3d/itens/cesto_tripo.glb,prototipo_3d/itens,2584884,1,1,2036,3389,0,0,1,1,3,1024x1024[normal]jpeg;1024x1024[cor]jpeg;1024x1024[mr]png,3145728,1024,1048576,2462259,2582928,0,0,0,0,,,False,
prototipo_3d/itens/chapeu_tripo.glb,prototipo_3d/itens,1811928,1,1,2500,3618,0,0,1,1,3,1024x1024[normal]jpeg;1024x1024[cor]jpeg;1024x1024[mr]png,3145728,1024,1048576,1679194,1809976,0,0,0,0,,,False,
prototipo_3d/itens/corda_tripo.glb,prototipo_3d/itens,2747664,1,1,1936,3246,0,0,1,1,3,1024x1024[normal]jpeg;1024x1024[cor]jpeg;1024x1024[mr]png,3145728,1024,1048576,2630221,2745712,0,0,0,0,,,False,
prototipo_3d/itens/enxada_tripo.glb,prototipo_3d/itens,1925444,1,1,2300,2723,0,0,1,1,3,1024x1024[normal]jpeg;1024x1024[cor]jpeg;1024x1024[mr]png,3145728,1024,1048576,1822537,1923476,0,0,0,0,,,False,
prototipo_3d/itens/facao_tripo.glb,prototipo_3d/itens,1590888,1,1,1818,1887,0,0,1,1,3,1024x1024[normal]jpeg;1024x1024[cor]jpeg;1024x1024[mr]png,3145728,1024,1048576,1517636,1588932,0,0,0,0,,,False,
prototipo_3d/itens/farinha_tripo.glb,prototipo_3d/itens,1717472,1,1,2151,2796,0,0,1,1,3,1024x1024[normal]jpeg;1024x1024[cor]jpeg;1024x1024[mr]png,3145728,1024,1048576,1613137,1715520,0,0,0,0,,,False,
prototipo_3d/itens/foice_tripo.glb,prototipo_3d/itens,2317604,1,1,1995,2769,0,0,1,1,3,1024x1024[normal]jpeg;1024x1024[cor]jpeg;1024x1024[mr]png,3145728,1024,1048576,2215067,2315652,0,0,0,0,,,False,
prototipo_3d/itens/jaca_tripo.glb,prototipo_3d/itens,2712060,1,1,1659,3600,0,0,1,1,3,1024x1024[normal]jpeg;1024x1024[cor]jpeg;1024x1024[mr]png,3145728,1024,1048576,2584951,2710112,0,0,0,0,,,False,
prototipo_3d/itens/lenha_feixe_tripo.glb,prototipo_3d/itens,2219500,1,1,1969,2522,0,0,1,1,3,1024x1024[normal]jpeg;1024x1024[cor]jpeg;1024x1024[mr]png,3145728,1024,1048576,2125016,2217540,0,0,0,0,,,False,
prototipo_3d/itens/luvas_de_couro_tripo.glb,prototipo_3d/itens,2245652,1,1,3154,3515,0,0,1,1,3,1024x1024[normal]jpeg;1024x1024[cor]jpeg;1024x1024[mr]png,3145728,1024,1048576,2112270,2243680,0,0,0,0,,,False,
prototipo_3d/itens/machado_tripo.glb,prototipo_3d/itens,2106120,1,1,1904,2473,0,0,1,1,3,1024x1024[normal]jpeg;1024x1024[cor]jpeg;1024x1024[mr]png,3145728,1024,1048576,2013592,2104160,0,0,0,0,,,False,
prototipo_3d/itens/mandioca_tripo.glb,prototipo_3d/itens,2299340,1,1,2226,3147,0,0,1,1,3,1024x1024[normal]jpeg;1024x1024[cor]jpeg;1024x1024[mr]png,3145728,1024,1048576,2183307,2297372,0,0,0,0,,,False,
prototipo_3d/itens/milho_tripo.glb,prototipo_3d/itens,2459896,1,1,1734,2623,0,0,1,1,3,1024x1024[normal]jpeg;1024x1024[cor]jpeg;1024x1024[mr]png,3145728,1024,1048576,2363591,2457940,0,0,0,0,,,False,
prototipo_3d/itens/moringa_tripo.glb,prototipo_3d/itens,1831216,1,1,1782,1792,0,0,1,1,3,1024x1024[normal]jpeg;1024x1024[cor]jpeg;1024x1024[mr]png,3145728,1024,1048576,1761279,1829320,0,0,0,0,,,False,
prototipo_3d/itens/pedra_tripo.glb,prototipo_3d/itens,2036768,1,1,1956,2244,0,0,1,1,3,1024x1024[normal]jpeg;1024x1024[cor]jpeg;1024x1024[mr]png,3145728,1024,1048576,1951267,2034816,0,0,0,0,,,False,
prototipo_3d/itens/peixe_tripo.glb,prototipo_3d/itens,1642144,1,1,1802,1886,0,0,1,1,3,1024x1024[normal]jpeg;1024x1024[cor]jpeg;1024x1024[mr]png,3145728,1024,1048576,1569032,1640196,0,0,0,0,,,False,
prototipo_3d/itens/picareta_tripo.glb,prototipo_3d/itens,1645600,1,1,2211,2211,0,0,1,1,3,1024x1024[normal]jpeg;1024x1024[cor]jpeg;1024x1024[mr]png,3145728,1024,1048576,1559611,1643636,0,0,0,0,,,False,
prototipo_3d/itens/prato_comida_tripo.glb,prototipo_3d/itens,2385732,1,1,2183,3599,0,0,1,1,3,1024x1024[normal]jpeg;1024x1024[cor]jpeg;1024x1024[mr]png,3145728,1024,1048576,2255498,2383772,0,0,0,0,,,False,
prototipo_3d/itens/regador_tripo.glb,prototipo_3d/itens,1861928,1,1,1916,2358,0,0,1,1,3,1024x1024[normal]jpeg;1024x1024[cor]jpeg;1024x1024[mr]png,3145728,1024,1048576,1773010,1859968,0,0,0,0,,,False,
prototipo_3d/itens/rolo_fumo_tripo.glb,prototipo_3d/itens,2767432,1,1,2268,3364,0,0,1,1,3,1024x1024[normal]jpeg;1024x1024[cor]jpeg;1024x1024[mr]png,3145728,1024,1048576,2644216,2765472,0,0,0,0,,,False,
prototipo_3d/itens/tabua_tripo.glb,prototipo_3d/itens,1685124,1,1,2155,2869,0,0,1,1,3,1024x1024[normal]jpeg;1024x1024[cor]jpeg;1024x1024[mr]png,3145728,1024,1048576,1578427,1683172,0,0,0,0,,,False,
prototipo_3d/itens/tabuleiro_tripo.glb,prototipo_3d/itens,2521896,1,1,3009,4594,0,0,1,1,3,1024x1024[normal]jpeg;1024x1024[cor]jpeg;1024x1024[mr]png,3145728,1024,1048576,2354861,2519928,0,0,0,0,,,False,
prototipo_3d/itens/trouxa_roupa_tripo.glb,prototipo_3d/itens,1927520,1,1,2330,2700,0,0,1,1,3,1024x1024[normal]jpeg;1024x1024[cor]jpeg;1024x1024[mr]png,3145728,1024,1048576,1825180,1925564,0,0,0,0,,,False,
prototipo_3d/itens/vara_pescar_tripo.glb,prototipo_3d/itens,1964236,1,1,1758,1877,0,0,1,1,3,1024x1024[normal]jpeg;1024x1024[cor]jpeg;1024x1024[mr]png,3145728,1024,1048576,1891649,1962264,0,0,0,0,,,False,
prototipo_3d/itens/vassoura_piacava_tripo.glb,prototipo_3d/itens,2558816,1,1,1872,2943,0,0,1,1,3,1024x1024[normal]jpeg;1024x1024[cor]jpeg;1024x1024[mr]png,3145728,1024,1048576,2451424,2556836,0,0,0,0,,,False,
prototipo_3d/mar/tubarao_tripo.glb,prototipo_3d/mar,2377252,1,1,12131,10261,12131,0,1,13,3,1024x1024[normal]jpeg;1024x1024[cor]jpeg;1024x1024[mr]png,3145728,1024,1048576,1765049,2372116,1,11,0,0,,,False,
prototipo_3d/moveis/banco_tosco_tripo.glb,prototipo_3d/moveis,1924764,1,1,2133,2363,0,0,1,1,3,1024x1024[normal]jpeg;1024x1024[cor]jpeg;1024x1024[mr]png,3145728,1024,1048576,1834380,1922796,0,0,0,0,,,False,
prototipo_3d/moveis/barril_tripo.glb,prototipo_3d/moveis,2596132,1,1,2783,3966,0,0,1,1,3,1024x1024[normal]jpeg;1024x1024[cor]jpeg;1024x1024[mr]png,3145728,1024,1048576,2450568,2594180,0,0,0,0,,,False,
prototipo_3d/moveis/bau_tripo.glb,prototipo_3d/moveis,2593640,1,1,3874,5155,0,0,1,1,3,1024x1024[normal]jpeg;1024x1024[cor]jpeg;1024x1024[mr]png,3145728,1024,1048576,2403468,2591680,0,0,0,0,,,False,
prototipo_3d/moveis/cama_tripo.glb,prototipo_3d/moveis,2680260,1,1,5657,7573,0,0,1,1,3,1024x1024[normal]jpeg;1024x1024[cor]jpeg;1024x1024[mr]png,3145728,1024,1048576,2402016,2678300,0,0,0,0,,,False,
prototipo_3d/moveis/cantareira_tripo.glb,prototipo_3d/moveis,2179736,1,1,4953,5665,0,0,1,1,3,1024x1024[normal]jpeg;1024x1024[cor]jpeg;1024x1024[mr]png,3145728,1024,1048576,1966773,2177776,0,0,0,0,,,False,
prototipo_3d/moveis/ervas_secando_tripo.glb,prototipo_3d/moveis,3293360,1,1,3566,6643,0,0,1,1,3,1024x1024[normal]jpeg;1024x1024[cor]jpeg;1024x1024[mr]png,3145728,1024,1048576,3057405,3291380,0,0,0,0,,,False,
prototipo_3d/moveis/fogao_barro_tripo.glb,prototipo_3d/moveis,1892708,1,1,5694,5904,0,0,1,1,3,1024x1024[normal]jpeg;1024x1024[cor]jpeg;1024x1024[mr]png,3145728,1024,1048576,1667639,1890736,0,0,0,0,,,False,
prototipo_3d/moveis/gamela_tripo.glb,prototipo_3d/moveis,2279384,1,1,2335,2793,0,0,1,1,3,1024x1024[normal]jpeg;1024x1024[cor]jpeg;1024x1024[mr]png,3145728,1024,1048576,2174045,2277440,0,0,0,0,,,False,
prototipo_3d/moveis/jirau_tripo.glb,prototipo_3d/moveis,2418572,1,1,4022,6157,0,0,1,1,3,1024x1024[normal]jpeg;1024x1024[cor]jpeg;1024x1024[mr]png,3145728,1024,1048576,2195454,2416616,0,0,0,0,,,False,
prototipo_3d/moveis/mesa_tripo.glb,prototipo_3d/moveis,2105228,1,1,4206,4289,0,0,1,1,3,1024x1024[normal]jpeg;1024x1024[cor]jpeg;1024x1024[mr]png,3145728,1024,1048576,1940774,2103264,0,0,0,0,,,False,
prototipo_3d/moveis/oratorio_tripo.glb,prototipo_3d/moveis,1972060,1,1,4811,5658,0,0,1,1,3,1024x1024[normal]jpeg;1024x1024[cor]jpeg;1024x1024[mr]png,3145728,1024,1048576,1760169,1970096,0,0,0,0,,,False,
prototipo_3d/moveis/pilao_tripo.glb,prototipo_3d/moveis,2310288,1,1,3199,4756,0,0,1,1,3,1024x1024[normal]jpeg;1024x1024[cor]jpeg;1024x1024[mr]png,3145728,1024,1048576,2136933,2308324,0,0,0,0,,,False,
prototipo_3d/moveis/rede_de_pesca_tripo.glb,prototipo_3d/moveis,2547016,1,1,4026,5671,0,0,1,1,3,1024x1024[normal]jpeg;1024x1024[cor]jpeg;1024x1024[mr]png,3145728,1024,1048576,2339408,2545040,0,0,0,0,,,False,
prototipo_3d/moveis/rede_tripo.glb,prototipo_3d/moveis,2727028,1,1,3618,5630,0,0,1,1,3,1024x1024[normal]jpeg;1024x1024[cor]jpeg;1024x1024[mr]png,3145728,1024,1048576,2523193,2725064,0,0,0,0,,,False,
prototipo_3d/moveis/remos_tripo.glb,prototipo_3d/moveis,2365984,1,1,2477,3152,0,0,1,1,3,1024x1024[normal]jpeg;1024x1024[cor]jpeg;1024x1024[mr]png,3145728,1024,1048576,2248292,2364028,0,0,0,0,,,False,
prototipo_3d/peixes/acara_tripo.glb,prototipo_3d/peixes,2491140,1,1,2304,3271,0,0,1,1,3,1024x1024[normal]jpeg;1024x1024[cor]jpeg;1024x1024[mr]png,3145728,1024,1048576,2370684,2489184,0,0,0,0,,,False,
prototipo_3d/peixes/baiacu_tripo.glb,prototipo_3d/peixes,2161796,1,1,2103,2634,0,0,1,1,3,1024x1024[normal]jpeg;1024x1024[cor]jpeg;1024x1024[mr]png,3145728,1024,1048576,2062925,2159840,0,0,0,0,,,False,
prototipo_3d/peixes/budiao_tripo.glb,prototipo_3d/peixes,2750788,1,1,2414,3559,0,0,1,1,3,1024x1024[normal]jpeg;1024x1024[cor]jpeg;1024x1024[mr]png,3145728,1024,1048576,2620452,2748828,0,0,0,0,,,False,
prototipo_3d/peixes/cavala_tripo.glb,prototipo_3d/peixes,2067860,1,1,2200,2605,0,0,1,1,3,1024x1024[normal]jpeg;1024x1024[cor]jpeg;1024x1024[mr]png,3145728,1024,1048576,1969344,2065904,0,0,0,0,,,False,
prototipo_3d/peixes/garoupa_tripo.glb,prototipo_3d/peixes,2122968,1,1,2180,2920,0,0,1,1,3,1024x1024[normal]jpeg;1024x1024[cor]jpeg;1024x1024[mr]png,3145728,1024,1048576,2014482,2121004,0,0,0,0,,,False,
prototipo_3d/peixes/moreia_tripo.glb,prototipo_3d/peixes,2281392,1,1,2056,2747,0,0,1,1,3,1024x1024[normal]jpeg;1024x1024[cor]jpeg;1024x1024[mr]png,3145728,1024,1048576,2179190,2279432,0,0,0,0,,,False,
prototipo_3d/peixes/piaba_tripo.glb,prototipo_3d/peixes,2338664,1,1,2120,2784,0,0,1,1,3,1024x1024[normal]jpeg;1024x1024[cor]jpeg;1024x1024[mr]png,3145728,1024,1048576,2234894,2336708,0,0,0,0,,,False,
prototipo_3d/peixes/raia_pintada_tripo.glb,prototipo_3d/peixes,1723176,1,1,2492,2258,0,0,1,1,3,1024x1024[normal]jpeg;1024x1024[cor]jpeg;1024x1024[mr]png,3145728,1024,1048576,1633993,1721208,0,0,0,0,,,False,
prototipo_3d/peixes/raia_tripo.glb,prototipo_3d/peixes,1423264,1,1,2293,2510,0,0,1,1,3,1024x1024[normal]jpeg;1024x1024[cor]jpeg;1024x1024[mr]png,3145728,1024,1048576,1327229,1421316,0,0,0,0,,,False,
prototipo_3d/peixes/robalo_tripo.glb,prototipo_3d/peixes,1715560,1,1,2026,2425,0,0,1,1,3,1024x1024[normal]jpeg;1024x1024[cor]jpeg;1024x1024[mr]png,3145728,1024,1048576,1623845,1713604,0,0,0,0,,,False,
prototipo_3d/peixes/sardinha_tripo.glb,prototipo_3d/peixes,2211304,1,1,2325,3199,0,0,1,1,3,1024x1024[normal]jpeg;1024x1024[cor]jpeg;1024x1024[mr]png,3145728,1024,1048576,2093037,2209360,0,0,0,0,,,False,
prototipo_3d/peixes/sargentinho_tripo.glb,prototipo_3d/peixes,2304660,1,1,2174,2882,0,0,1,1,3,1024x1024[normal]jpeg;1024x1024[cor]jpeg;1024x1024[mr]png,3145728,1024,1048576,2197420,2302692,0,0,0,0,,,False,
prototipo_3d/peixes/sororoca_tripo.glb,prototipo_3d/peixes,2446260,1,1,2478,3291,0,0,1,1,3,1024x1024[normal]jpeg;1024x1024[cor]jpeg;1024x1024[mr]png,3145728,1024,1048576,2324115,2444300,0,0,0,0,,,False,
prototipo_3d/peixes/tainha_tripo.glb,prototipo_3d/peixes,2419732,1,1,2235,2859,0,0,1,1,3,1024x1024[normal]jpeg;1024x1024[cor]jpeg;1024x1024[mr]png,3145728,1024,1048576,2312867,2417772,0,0,0,0,,,False,
prototipo_3d/peixes/traira_tripo.glb,prototipo_3d/peixes,2412652,1,1,2280,3376,0,0,1,1,3,1024x1024[normal]jpeg;1024x1024[cor]jpeg;1024x1024[mr]png,3145728,1024,1048576,2288975,2410692,0,0,0,0,,,False,
prototipo_3d/peixes/tubarao_tripo.glb,prototipo_3d/peixes,1929992,1,1,5383,4875,5383,0,1,16,3,1024x1024[normal]jpeg;1024x1024[cor]jpeg;1024x1024[mr]png,3145728,1024,1048576,1626341,1915160,1,14,1,42,preset:aquatic:march.001,,False,
prototipo_3d/peixes/xareu_tripo.glb,prototipo_3d/peixes,1877608,1,1,2244,2405,0,0,1,1,3,1024x1024[normal]jpeg;1024x1024[cor]jpeg;1024x1024[mr]png,3145728,1024,1048576,1785221,1875648,0,0,0,0,,,False,
prototipo_3d/personagem/medieval_character_animated.glb,prototipo_3d/personagem,11682884,1,1,18686,23691,18686,0,1,67,3,2048x2048[normal]jpeg;4096x4096[cor]jpeg;2048x2048[mr]png,25165824,4096,16777216,8305782,11156924,1,65,12,2340,walk|fold_arms|look_around|swim|agree|afraid|idle|wave_goodbye_02|run|greet_01|chop|jump_down,,False,
prototipo_3d/personagens/beata_tripo.glb,prototipo_3d/personagens,5789072,1,1,11351,13167,11351,0,1,67,3,1024x1024[normal]jpeg;1024x1024[cor]jpeg;1024x1024[mr]png,3145728,1024,1048576,2517701,5209436,1,65,13,2535,look_around.001|idle.001|greet_01.001|run.001|fold_arms.001|dig.001|bow.001|wave_goodbye_02.001|sit.001|afraid.001|chop.001|agree.001|walk.001,,False,
prototipo_3d/personagens/benedito_tripo.glb,prototipo_3d/personagens,4601028,1,1,15119,16284,15119,0,1,67,3,1024x1024[normal]jpeg;1024x1024[cor]jpeg;1024x1024[mr]png,3145728,1024,1048576,2433106,4280352,1,65,7,1365,idle.001|look_around.001|walk.001|run.001|greet_01.001|agree.001|wave_goodbye_02.001,,False,
prototipo_3d/personagens/candinha_tripo.glb,prototipo_3d/personagens,4041640,1,1,14218,13582,14218,0,1,67,3,1024x1024[normal]jpeg;1024x1024[cor]jpeg;1024x1024[mr]png,3145728,1024,1048576,2020449,3721736,1,65,7,1365,wave_goodbye_02.001|idle.001|greet_01.001|agree.001|walk.001|run.001|look_around.001,,False,
prototipo_3d/personagens/carpinteiro_tripo.glb,prototipo_3d/personagens,5794584,1,1,10787,11322,10787,0,1,67,3,1024x1024[normal]jpeg;1024x1024[cor]jpeg;1024x1024[mr]png,3145728,1024,1048576,2347841,5215052,1,65,13,2535,look_around.001|afraid.001|dig.001|walk.001|greet_01.001|fold_arms.001|chop.001|agree.001|idle.001|lift_heavy.001|wave_goodbye_02.001|run.001|sit.001,,False,
prototipo_3d/personagens/cosme_tripo.glb,prototipo_3d/personagens,4418196,1,1,14399,15361,14399,0,1,67,3,1024x1024[normal]jpeg;1024x1024[cor]jpeg;1024x1024[mr]png,3145728,1024,1048576,2303435,4098268,1,65,7,1365,greet_01.001|agree.001|idle.001|look_around.001|run.001|wave_goodbye_02.001|walk.001,,False,
prototipo_3d/personagens/damiao_tripo.glb,prototipo_3d/personagens,4336032,1,1,14881,14612,14881,0,1,67,3,1024x1024[normal]jpeg;1024x1024[cor]jpeg;1024x1024[mr]png,3145728,1024,1048576,2255451,4015008,1,65,7,1365,walk.001|agree.001|idle.001|look_around.001|greet_01.002|wave_goodbye_02.002|run.002,,False,
prototipo_3d/personagens/filo_tripo.glb,prototipo_3d/personagens,4440464,1,1,14760,14456,14760,0,1,68,3,1024x1024[normal]jpeg;1024x1024[cor]jpeg;1024x1024[mr]png,3145728,1024,1048576,2369529,4119680,1,66,7,1365,walk.001|look_around.001|greet_01.001|idle.001|agree.001|wave_goodbye_02.001|run.001,,False,
prototipo_3d/personagens/guarda_tripo.glb,prototipo_3d/personagens,5411340,1,1,10976,12143,10976,0,1,67,3,1024x1024[normal]jpeg;1024x1024[cor]jpeg;1024x1024[mr]png,3145728,1024,1048576,2364979,4874900,1,65,12,2340,idle.001|afraid.001|dig.001|greet_01.001|sit.001|run.001|wave_goodbye_02.001|look_around.001|walk.001|agree.001|fold_arms.001|chop.001,,False,
prototipo_3d/personagens/lavadeira_tripo.glb,prototipo_3d/personagens,5693612,1,1,10913,11245,10913,0,1,67,3,1024x1024[normal]jpeg;1024x1024[cor]jpeg;1024x1024[mr]png,3145728,1024,1048576,2251563,5115212,1,65,13,2535,agree.001|sit.001|afraid.001|dig.001|run.001|lift_heavy.001|wave_goodbye_02.001|fold_arms.001|chop.001|look_around.001|idle.001|walk.001|greet_01.001,,False,
prototipo_3d/personagens/marisqueira_tripo.glb,prototipo_3d/personagens,5594584,1,1,10741,12194,10741,0,1,67,3,1024x1024[normal]jpeg;1024x1024[cor]jpeg;1024x1024[mr]png,3145728,1024,1048576,2450489,5014692,1,65,13,2535,greet_01.001|sit.001|idle.001|agree.001|look_around.001|chop.001|swim.001|afraid.001|wave_goodbye_02.001|fold_arms.001|run.001|walk.001|dig.001,,False,
prototipo_3d/personagens/menina_tripo.glb,prototipo_3d/personagens,5703708,1,1,10999,13309,10999,0,1,67,3,1024x1024[normal]jpeg;1024x1024[cor]jpeg;1024x1024[mr]png,3145728,1024,1048576,2499251,5123452,1,65,13,2535,agree.001|dig.001|run.001|afraid.001|fold_arms.001|look_around.001|greet_01.001|wave_goodbye_02.001|walk.001|idle.001|swim.001|chop.001|sit.001,,False,
prototipo_3d/personagens/menino_tripo.glb,prototipo_3d/personagens,5301424,1,1,11142,11639,11142,0,1,67,3,1024x1024[normal]jpeg;1024x1024[cor]jpeg;1024x1024[mr]png,3145728,1024,1048576,2183465,4721260,1,65,13,2535,run.001|chop.001|swim.001|greet_01.001|dig.001|wave_goodbye_02.001|sit.001|agree.001|fold_arms.001|afraid.001|idle.001|walk.001|look_around.001,,False,
prototipo_3d/personagens/mercador_tripo.glb,prototipo_3d/personagens,6113436,1,1,11438,13899,11438,0,1,67,3,1024x1024[normal]jpeg;1024x1024[cor]jpeg;1024x1024[mr]png,3145728,1024,1048576,2528630,5533724,1,65,13,2535,sit.001|dig.001|wave_goodbye_02.001|afraid.001|chop.001|greet_01.001|look_around.001|agree.001|walk.001|idle.001|fold_arms.001|run.001|lift_heavy.001,,False,
prototipo_3d/personagens/mestre_saveiro_tripo.glb,prototipo_3d/personagens,5274596,1,1,11108,10921,11108,0,1,67,3,1024x1024[normal]jpeg;1024x1024[cor]jpeg;1024x1024[mr]png,3145728,1024,1048576,2194117,4694352,1,65,13,2535,afraid.001|swim.001|walk.001|fold_arms.001|chop.001|greet_01.001|agree.001|run.001|sit.001|idle.001|wave_goodbye_02.001|dig.001|look_around.001,,False,
prototipo_3d/personagens/padre_tripo.glb,prototipo_3d/personagens,5282600,1,1,10302,11482,10302,0,1,67,3,1024x1024[normal]jpeg;1024x1024[cor]jpeg;1024x1024[mr]png,3145728,1024,1048576,2105768,4703536,1,65,13,2535,bow.001|fold_arms.001|walk.001|afraid.001|run.001|greet_01.001|wave_goodbye_02.001|idle.001|agree.001|look_around.001|dig.001|sit.001|chop.001,,False,
prototipo_3d/personagens/pedro_tripo.glb,prototipo_3d/personagens,4515720,1,1,14400,13794,14400,0,1,67,3,1024x1024[normal]jpeg;1024x1024[cor]jpeg;1024x1024[mr]png,3145728,1024,1048576,2384587,4151200,1,65,8,1560,idle.001|greet_01.001|run.001|agree.001|swim.001|look_around.001|walk.001|wave_goodbye_02.001,,False,
prototipo_3d/personagens/pescador_tripo.glb,prototipo_3d/personagens,5574680,1,1,11424,12181,11424,0,1,67,3,1024x1024[normal]jpeg;1024x1024[cor]jpeg;1024x1024[mr]png,3145728,1024,1048576,2430350,4997764,1,65,13,2535,sit.001|idle.001|afraid.001|dig.001|wave_goodbye_02.001|walk.001|fold_arms.001|greet_01.001|chop.001|agree.001|swim.001|look_around.001|run.001,,False,
prototipo_3d/personagens/quirino_tripo.glb,prototipo_3d/personagens,4331112,1,1,14509,14767,14509,0,1,67,3,1024x1024[normal]jpeg;1024x1024[cor]jpeg;1024x1024[mr]png,3145728,1024,1048576,2246673,4011232,1,65,7,1365,look_around.001|walk.001|wave_goodbye_02.001|agree.001|greet_01.001|idle.001|run.001,,False,
prototipo_3d/personagens/quituteira_tripo.glb,prototipo_3d/personagens,5313472,1,1,10889,11650,10889,0,1,67,3,1024x1024[normal]jpeg;1024x1024[cor]jpeg;1024x1024[mr]png,3145728,1024,1048576,2292831,4777032,1,65,12,2340,sit.001|afraid.001|chop.001|walk.001|idle.001|agree.001|greet_01.001|run.001|fold_arms.001|wave_goodbye_02.001|dig.001|look_around.001,,False,
prototipo_3d/personagens/rendeira_tripo.glb,prototipo_3d/personagens,5184724,1,1,11059,11667,11059,0,1,67,3,1024x1024[normal]jpeg;1024x1024[cor]jpeg;1024x1024[mr]png,3145728,1024,1048576,2162679,4648344,1,65,12,2340,walk.001|idle.001|dig.001|fold_arms.001|wave_goodbye_02.001|run.001|sit.001|chop.001|agree.001|look_around.001|greet_01.001|afraid.001,,False,
prototipo_3d/personagens/sacristao_tripo.glb,prototipo_3d/personagens,5306864,1,1,10864,11127,10864,0,1,67,3,1024x1024[normal]jpeg;1024x1024[cor]jpeg;1024x1024[mr]png,3145728,1024,1048576,2144194,4726996,1,65,13,2535,idle.001|walk.001|look_around.001|agree.001|sit.001|greet_01.001|fold_arms.001|wave_goodbye_02.001|afraid.001|dig.001|chop.001|run.001|bow.001,,False,
prototipo_3d/personagens/tonho_tripo.glb,prototipo_3d/personagens,4920764,1,1,14576,16837,14576,0,1,67,3,1024x1024[normal]jpeg;1024x1024[cor]jpeg;1024x1024[mr]png,3145728,1024,1048576,2727833,4600504,1,65,7,1365,idle.001|walk.001|agree.001|run.001|wave_goodbye_02.001|look_around.001|greet_01.001,,False,
prototipo_3d/personagens/viajante_tripo.glb,prototipo_3d/personagens,5349760,1,1,14461,15590,14461,0,1,67,3,1024x1024[normal]jpeg;1024x1024[cor]jpeg;1024x1024[mr]png,3145728,1024,1048576,2353226,4772112,1,65,13,2535,agree.001|afraid.001|chop.001|jump_down.001|fold_arms.001|walk.001|wave_goodbye_02.001|idle.001|greet_01.001|look_around.001|run.001|run_upstairs.001|swim.001,,False,
prototipo_3d/personagens/zefa_tripo.glb,prototipo_3d/personagens,4534336,1,1,14970,15977,14970,0,1,67,3,1024x1024[normal]jpeg;1024x1024[cor]jpeg;1024x1024[mr]png,3145728,1024,1048576,2383613,4214024,1,65,7,1365,wave_goodbye_02.001|run.001|agree.001|greet_01.001|walk.001|idle.001|look_around.001,,False,
