timestamp, pstate, clocks.current.graphics [MHz], utilization.gpu [%], power.draw [W], temperature.gpu
2026/10/08 19:38:02.049, P8, 300 MHz, 0 %, 4.66 W, 54
2026/10/08 19:38:04.727, P0, 1140 MHz, 0 %, 22.68 W, 56
2026/10/08 19:38:07.580, P0, 1140 MHz, 0 %, 22.68 W, 57
2026/10/08 19:38:10.344, P8, 300 MHz, 0 %, 5.44 W, 55
2026/10/08 19:38:13.123, P8, 300 MHz, 7 %, 4.75 W, 56
2026/10/08 19:38:15.812, P8, 300 MHz, 0 %, 4.65 W, 56
2026/10/08 19:38:18.499, P8, 300 MHz, 0 %, 4.67 W, 56
2026/10/08 19:38:21.263, P8, 300 MHz, 4 %, 4.79 W, 56
2026/10/08 19:38:23.985, P8, 300 MHz, 6 %, 4.81 W, 56
2026/10/08 19:38:26.696, P8, 300 MHz, 4 %, 4.68 W, 57
2026/10/08 19:38:29.382, P8, 300 MHz, 3 %, 6.33 W, 57
2026/10/08 19:38:32.155, P8, 300 MHz, 19 %, 4.71 W, 57
2026/10/08 19:38:34.237, P8, 345 MHz, 32 %, 8.16 W, 57
2026/10/08 19:38:36.257, P8, 330 MHz, 19 %, 4.86 W, 57
2026/10/08 19:38:38.279, P8, 300 MHz, 8 %, 4.84 W, 57
2026/10/08 19:38:40.294, P8, 300 MHz, 7 %, 5.07 W, 58
2026/10/08 19:38:42.317, P8, 300 MHz, 5 %, 4.66 W, 58
2026/10/08 19:38:44.333, P8, 300 MHz, 0 %, 4.73 W, 58
2026/10/08 19:38:46.361, P0, 1785 MHz, 25 %, 49.63 W, 64
2026/10/08 19:38:48.381, P0, 1785 MHz, 52 %, 57.54 W, 67
2026/10/08 19:38:50.667, P0, 1785 MHz, 35 %, 30.15 W, 64
2026/10/08 19:38:52.915, P3, 780 MHz, 24 %, 23.28 W, 63
2026/10/08 19:38:54.941, P0, 1785 MHz, 45 %, 48.76 W, 67
2026/10/08 19:38:56.984, P0, 1770 MHz, 48 %, 50.16 W, 68
2026/10/08 19:38:59.071, P0, 1755 MHz, 40 %, 56.05 W, 70
2026/10/08 19:39:01.093, P0, 1770 MHz, 74 %, 59.21 W, 71
2026/10/08 19:39:03.107, P0, 1755 MHz, 78 %, 59.02 W, 71
2026/10/08 19:39:05.121, P0, 1665 MHz, 54 %, 59.91 W, 73
2026/10/08 19:39:07.155, P0, 1770 MHz, 68 %, 56.53 W, 73
2026/10/08 19:39:09.166, P0, 1755 MHz, 72 %, 60.41 W, 74
2026/10/08 19:39:11.191, P0, 1710 MHz, 61 %, 59.05 W, 75
2026/10/08 19:39:13.205, P0, 1695 MHz, 87 %, 55.27 W, 75
2026/10/08 19:39:15.235, P0, 1680 MHz, 84 %, 60.06 W, 76
2026/10/08 19:39:17.257, P0, 1680 MHz, 64 %, 60.21 W, 76
2026/10/08 19:39:19.269, P0, 1725 MHz, 63 %, 59.15 W, 77
2026/10/08 19:39:21.291, P0, 1575 MHz, 74 %, 59.09 W, 77
2026/10/08 19:39:23.318, P0, 1545 MHz, 93 %, 58.92 W, 78
2026/10/08 19:39:25.338, P0, 1545 MHz, 93 %, 59.83 W, 78
2026/10/08 19:39:27.363, P0, 1560 MHz, 95 %, 58.37 W, 78
2026/10/08 19:39:29.379, P0, 1560 MHz, 92 %, 58.77 W, 79
2026/10/08 19:39:31.394, P0, 1575 MHz, 93 %, 59.20 W, 79
2026/10/08 19:39:33.415, P0, 1575 MHz, 93 %, 58.60 W, 79
2026/10/08 19:39:35.432, P0, 1560 MHz, 91 %, 59.02 W, 80
2026/10/08 19:39:37.452, P0, 1545 MHz, 84 %, 58.50 W, 80
2026/10/08 19:39:39.473, P0, 1545 MHz, 92 %, 59.59 W, 80
2026/10/08 19:39:41.517, P0, 1560 MHz, 90 %, 59.45 W, 81
2026/10/08 19:39:43.536, P0, 1560 MHz, 91 %, 58.55 W, 81
2026/10/08 19:39:45.546, P0, 1545 MHz, 90 %, 59.02 W, 81
2026/10/08 19:39:47.566, P0, 1545 MHz, 93 %, 59.67 W, 82
2026/10/08 19:39:49.578, P0, 1515 MHz, 87 %, 58.94 W, 82
2026/10/08 19:39:51.600, P0, 1545 MHz, 93 %, 58.50 W, 82
2026/10/08 19:39:53.618, P0, 1515 MHz, 88 %, 59.45 W, 82
2026/10/08 19:39:55.631, P0, 1545 MHz, 93 %, 58.50 W, 83
2026/10/08 19:39:57.653, P0, 1755 MHz, 33 %, 33.42 W, 79
2026/10/08 19:39:59.669, P3, 345 MHz, 0 %, 21.28 W, 76
2026/10/08 19:40:01.693, P8, 300 MHz, 0 %, 9.01 W, 73
2026/10/08 19:40:03.722, P8, 300 MHz, 0 %, 5.47 W, 73
