timestamp, memory.used [MiB], utilization.gpu [%], temperature.gpu, power.draw [W], clocks.current.graphics [MHz], pstate
2026/10/05 16:31:20.553, 1018 MiB, 0 %, 63, 7.66 W, 300 MHz, P8
2026/10/05 16:31:22.558, 1204 MiB, 2 %, 63, 12.65 W, 1140 MHz, P5
2026/10/05 16:31:24.574, 1204 MiB, 1 %, 64, 12.63 W, 1140 MHz, P5
2026/10/05 16:31:26.582, 1204 MiB, 0 %, 63, 7.66 W, 300 MHz, P8
2026/10/05 16:31:28.588, 1671 MiB, 5 %, 64, 8.09 W, 300 MHz, P8
2026/10/05 16:31:30.598, 1671 MiB, 3 %, 64, 9.08 W, 300 MHz, P8
2026/10/05 16:31:32.606, 1671 MiB, 9 %, 64, 7.98 W, 300 MHz, P8
2026/10/05 16:31:34.619, 1671 MiB, 0 %, 64, 7.72 W, 300 MHz, P8
2026/10/05 16:31:36.631, 1671 MiB, 16 %, 64, 7.71 W, 300 MHz, P8
2026/10/05 16:31:38.639, 1671 MiB, 20 %, 64, 8.40 W, 300 MHz, P8
2026/10/05 16:31:40.658, 1671 MiB, 17 %, 64, 8.28 W, 300 MHz, P8
2026/10/05 16:31:42.672, 1671 MiB, 7 %, 64, 7.76 W, 300 MHz, P8
2026/10/05 16:31:44.688, 1671 MiB, 6 %, 64, 7.71 W, 300 MHz, P8
2026/10/05 16:31:46.700, 1671 MiB, 15 %, 64, 12.61 W, 1140 MHz, P5
2026/10/05 16:31:48.710, 1671 MiB, 27 %, 64, 13.32 W, 1140 MHz, P5
2026/10/05 16:31:50.727, 2183 MiB, 35 %, 64, 13.01 W, 1140 MHz, P5
2026/10/05 16:31:52.746, 2184 MiB, 27 %, 64, 13.27 W, 1080 MHz, P5
2026/10/05 16:31:54.757, 2440 MiB, 6 %, 64, 8.07 W, 300 MHz, P8
2026/10/05 16:31:56.771, 2440 MiB, 7 %, 64, 7.71 W, 300 MHz, P8
2026/10/05 16:31:58.776, 3133 MiB, 79 %, 65, 16.23 W, 1140 MHz, P5
2026/10/05 16:32:00.802, 3133 MiB, 73 %, 65, 15.23 W, 345 MHz, P8
2026/10/05 16:32:02.839, 3133 MiB, 70 %, 65, 7.75 W, 330 MHz, P8
2026/10/05 16:32:04.856, 3133 MiB, 66 %, 65, 17.36 W, 1035 MHz, P5
2026/10/05 16:32:06.872, 3133 MiB, 100 %, 66, 17.54 W, 1035 MHz, P5
2026/10/05 16:32:08.889, 3133 MiB, 100 %, 66, 17.45 W, 1020 MHz, P5
2026/10/05 16:32:10.908, 3133 MiB, 100 %, 66, 17.56 W, 1020 MHz, P5
2026/10/05 16:32:12.918, 3133 MiB, 79 %, 66, 17.74 W, 1005 MHz, P5
2026/10/05 16:32:14.940, 3133 MiB, 90 %, 66, 11.35 W, 420 MHz, P8
2026/10/05 16:32:16.959, 3133 MiB, 99 %, 66, 17.76 W, 990 MHz, P5
2026/10/05 16:32:18.969, 3391 MiB, 100 %, 66, 17.52 W, 1020 MHz, P5
2026/10/05 16:32:20.978, 3391 MiB, 91 %, 66, 17.60 W, 1005 MHz, P5
2026/10/05 16:32:22.996, 3391 MiB, 100 %, 66, 17.50 W, 1140 MHz, P5
2026/10/05 16:32:25.013, 3135 MiB, 100 %, 66, 17.37 W, 1020 MHz, P5
2026/10/05 16:32:27.028, 3393 MiB, 99 %, 66, 17.52 W, 1020 MHz, P5
2026/10/05 16:32:29.045, 3393 MiB, 92 %, 67, 17.62 W, 990 MHz, P5
2026/10/05 16:32:31.055, 3393 MiB, 99 %, 67, 17.57 W, 960 MHz, P5
2026/10/05 16:32:33.079, 3649 MiB, 99 %, 67, 17.70 W, 960 MHz, P5
2026/10/05 16:32:35.091, 3393 MiB, 100 %, 67, 17.63 W, 960 MHz, P5
2026/10/05 16:32:37.105, 3393 MiB, 98 %, 67, 17.55 W, 960 MHz, P5
2026/10/05 16:32:39.120, 3393 MiB, 100 %, 67, 17.67 W, 975 MHz, P5
2026/10/05 16:32:41.126, 3393 MiB, 100 %, 67, 17.73 W, 990 MHz, P5
2026/10/05 16:32:43.143, 3393 MiB, 85 %, 67, 17.84 W, 945 MHz, P5
2026/10/05 16:32:45.158, 3393 MiB, 91 %, 67, 16.60 W, 915 MHz, P5
2026/10/05 16:32:47.169, 3393 MiB, 99 %, 67, 17.99 W, 930 MHz, P5
2026/10/05 16:32:49.178, 3137 MiB, 100 %, 67, 17.71 W, 990 MHz, P5
2026/10/05 16:32:51.192, 3393 MiB, 90 %, 67, 17.65 W, 990 MHz, P5
2026/10/05 16:32:53.200, 3393 MiB, 100 %, 67, 17.01 W, 1140 MHz, P5
2026/10/05 16:32:55.215, 3137 MiB, 100 %, 67, 17.58 W, 990 MHz, P5
2026/10/05 16:32:57.234, 3395 MiB, 90 %, 67, 17.68 W, 975 MHz, P5
2026/10/05 16:32:59.244, 3395 MiB, 99 %, 67, 17.83 W, 930 MHz, P5
2026/10/05 16:33:01.259, 3395 MiB, 99 %, 67, 17.67 W, 1140 MHz, P5
2026/10/05 16:33:03.272, 3651 MiB, 96 %, 68, 17.90 W, 930 MHz, P5
2026/10/05 16:33:05.282, 3395 MiB, 75 %, 68, 17.48 W, 990 MHz, P5
2026/10/05 16:33:07.293, 3395 MiB, 100 %, 68, 17.53 W, 1005 MHz, P5
2026/10/05 16:33:09.301, 3395 MiB, 100 %, 68, 17.61 W, 975 MHz, P5
2026/10/05 16:33:11.317, 3395 MiB, 84 %, 68, 17.58 W, 1005 MHz, P5
2026/10/05 16:33:13.331, 3395 MiB, 89 %, 68, 17.84 W, 990 MHz, P5
2026/10/05 16:33:15.344, 3395 MiB, 100 %, 68, 11.78 W, 375 MHz, P8
2026/10/05 16:33:17.361, 3395 MiB, 99 %, 68, 17.76 W, 960 MHz, P5
2026/10/05 16:33:19.375, 3395 MiB, 91 %, 68, 17.45 W, 1020 MHz, P5
2026/10/05 16:33:21.401, 3395 MiB, 99 %, 68, 17.68 W, 1005 MHz, P5
2026/10/05 16:33:23.422, 3395 MiB, 100 %, 68, 17.53 W, 960 MHz, P5
2026/10/05 16:33:25.429, 3139 MiB, 93 %, 67, 17.42 W, 1020 MHz, P5
2026/10/05 16:33:27.445, 3395 MiB, 91 %, 67, 17.62 W, 975 MHz, P5
2026/10/05 16:33:29.456, 3395 MiB, 99 %, 67, 17.80 W, 960 MHz, P5
2026/10/05 16:33:31.466, 3395 MiB, 99 %, 67, 17.63 W, 945 MHz, P5
2026/10/05 16:33:33.476, 3651 MiB, 94 %, 67, 17.74 W, 960 MHz, P5
2026/10/05 16:33:35.494, 3395 MiB, 86 %, 67, 18.00 W, 1020 MHz, P5
2026/10/05 16:33:37.505, 3395 MiB, 99 %, 68, 18.05 W, 1020 MHz, P5
2026/10/05 16:33:39.520, 3395 MiB, 99 %, 67, 17.94 W, 1005 MHz, P5
2026/10/05 16:33:41.534, 3395 MiB, 93 %, 67, 17.95 W, 990 MHz, P5
2026/10/05 16:33:43.552, 3395 MiB, 85 %, 67, 18.04 W, 990 MHz, P5
2026/10/05 16:33:45.569, 3395 MiB, 99 %, 67, 17.81 W, 1005 MHz, P5
2026/10/05 16:33:47.574, 3395 MiB, 99 %, 67, 16.58 W, 1140 MHz, P5
2026/10/05 16:33:49.586, 3139 MiB, 99 %, 67, 17.71 W, 990 MHz, P5
2026/10/05 16:33:51.601, 3395 MiB, 92 %, 67, 17.82 W, 990 MHz, P5
2026/10/05 16:33:53.615, 3139 MiB, 98 %, 67, 17.94 W, 975 MHz, P5
2026/10/05 16:33:55.621, 3395 MiB, 99 %, 67, 12.91 W, 405 MHz, P8
2026/10/05 16:33:57.628, 3395 MiB, 99 %, 67, 17.67 W, 975 MHz, P5
2026/10/05 16:33:59.642, 3395 MiB, 91 %, 67, 17.79 W, 945 MHz, P5
2026/10/05 16:34:01.658, 3651 MiB, 95 %, 67, 17.94 W, 960 MHz, P5
2026/10/05 16:34:03.676, 3395 MiB, 100 %, 67, 17.90 W, 990 MHz, P5
2026/10/05 16:34:05.684, 3395 MiB, 91 %, 67, 17.67 W, 915 MHz, P5
2026/10/05 16:34:07.709, 3395 MiB, 99 %, 67, 17.92 W, 960 MHz, P5
2026/10/05 16:34:09.718, 3395 MiB, 99 %, 67, 17.89 W, 870 MHz, P5
2026/10/05 16:34:11.731, 3395 MiB, 99 %, 67, 18.12 W, 900 MHz, P5
2026/10/05 16:34:13.745, 3395 MiB, 97 %, 67, 18.08 W, 885 MHz, P5
2026/10/05 16:34:15.765, 3395 MiB, 99 %, 67, 18.19 W, 945 MHz, P5
2026/10/05 16:34:17.785, 3395 MiB, 99 %, 67, 17.84 W, 915 MHz, P5
2026/10/05 16:34:19.799, 3395 MiB, 88 %, 68, 17.65 W, 1020 MHz, P5
2026/10/05 16:34:21.815, 3395 MiB, 96 %, 68, 17.93 W, 960 MHz, P5
2026/10/05 16:34:23.832, 3395 MiB, 97 %, 68, 18.23 W, 915 MHz, P5
2026/10/05 16:34:25.838, 3395 MiB, 96 %, 68, 18.05 W, 915 MHz, P5
2026/10/05 16:34:27.853, 3395 MiB, 73 %, 68, 17.73 W, 1110 MHz, P5
2026/10/05 16:34:29.870, 3395 MiB, 97 %, 68, 17.79 W, 915 MHz, P5
2026/10/05 16:34:31.880, 3395 MiB, 99 %, 68, 17.78 W, 975 MHz, P5
2026/10/05 16:34:33.887, 3395 MiB, 99 %, 68, 17.54 W, 975 MHz, P5
2026/10/05 16:34:35.897, 3395 MiB, 99 %, 68, 17.84 W, 960 MHz, P5
2026/10/05 16:34:37.911, 3395 MiB, 95 %, 68, 17.70 W, 930 MHz, P5
2026/10/05 16:34:39.919, 3395 MiB, 99 %, 68, 17.79 W, 930 MHz, P5
2026/10/05 16:34:41.934, 3395 MiB, 98 %, 68, 17.84 W, 990 MHz, P5
2026/10/05 16:34:43.944, 3395 MiB, 99 %, 68, 17.88 W, 945 MHz, P5
2026/10/05 16:34:45.957, 3395 MiB, 99 %, 68, 17.76 W, 945 MHz, P5
2026/10/05 16:34:47.974, 3395 MiB, 99 %, 68, 17.80 W, 960 MHz, P5
2026/10/05 16:34:49.982, 3395 MiB, 99 %, 68, 18.01 W, 915 MHz, P5
2026/10/05 16:34:51.989, 3395 MiB, 99 %, 68, 18.08 W, 870 MHz, P5
2026/10/05 16:34:54.000, 3395 MiB, 99 %, 69, 17.99 W, 930 MHz, P5
2026/10/05 16:34:56.014, 3395 MiB, 99 %, 69, 17.72 W, 960 MHz, P5
2026/10/05 16:34:58.020, 3395 MiB, 99 %, 68, 17.67 W, 930 MHz, P5
2026/10/05 16:35:00.029, 3395 MiB, 99 %, 68, 17.69 W, 960 MHz, P5
2026/10/05 16:35:02.042, 3395 MiB, 100 %, 69, 17.93 W, 975 MHz, P5
2026/10/05 16:35:04.060, 3395 MiB, 100 %, 69, 17.67 W, 975 MHz, P5
2026/10/05 16:35:06.075, 3395 MiB, 100 %, 69, 17.79 W, 930 MHz, P5
2026/10/05 16:35:08.083, 3395 MiB, 99 %, 68, 17.81 W, 930 MHz, P5
2026/10/05 16:35:10.094, 3395 MiB, 99 %, 68, 17.98 W, 915 MHz, P5
2026/10/05 16:35:12.104, 3395 MiB, 99 %, 68, 17.84 W, 930 MHz, P5
2026/10/05 16:35:14.114, 3395 MiB, 99 %, 69, 17.90 W, 900 MHz, P5
2026/10/05 16:35:16.126, 3395 MiB, 97 %, 68, 18.00 W, 915 MHz, P5
2026/10/05 16:35:18.151, 3395 MiB, 100 %, 69, 17.88 W, 930 MHz, P5
2026/10/05 16:35:20.173, 3395 MiB, 100 %, 69, 17.95 W, 990 MHz, P5
2026/10/05 16:35:22.188, 3395 MiB, 99 %, 69, 17.60 W, 960 MHz, P5
2026/10/05 16:35:24.196, 3395 MiB, 99 %, 69, 17.79 W, 930